-- Insert Airlines
INSERT INTO AIRLINE (code, name) VALUES ('THY', 'Turkish Airlines');
INSERT INTO AIRLINE (code, name) VALUES ('PGS', 'Pegasus Airlines');
INSERT INTO AIRLINE (code, name) VALUES ('EZY', 'EasyJet');
INSERT INTO AIRLINE (code, name) VALUES ('RYR', 'Ryanair');
INSERT INTO AIRLINE (code, name) VALUES ('BAW', 'British Airways');
INSERT INTO AIRLINE (code, name) VALUES ('AFL', 'Aeroflot');
INSERT INTO AIRLINE (code, name) VALUES ('DLH', 'Lufthansa');
INSERT INTO AIRLINE (code, name) VALUES ('AFR', 'Air France');
INSERT INTO AIRLINE (code, name) VALUES ('KLM', 'KLM Royal Dutch');

-- Insert Airports
INSERT INTO AIRPORT (code, name, city, country, latitude, longitude) VALUES ('IST', 'Istanbul Airport', 'Istanbul', 'Turkey', 41.2753, 28.7519);
INSERT INTO AIRPORT (code, name, city, country, latitude, longitude) VALUES ('SAW', 'Sabiha Gokcen Airport', 'Istanbul', 'Turkey', 40.8983, 29.3092);
INSERT INTO AIRPORT (code, name, city, country, latitude, longitude) VALUES ('LHR', 'London Heathrow', 'London', 'United Kingdom', 51.4700, -0.4543);
INSERT INTO AIRPORT (code, name, city, country, latitude, longitude) VALUES ('CDG', 'Charles de Gaulle', 'Paris', 'France', 49.0097, 2.5479);
INSERT INTO AIRPORT (code, name, city, country, latitude, longitude) VALUES ('AMS', 'Amsterdam Schiphol', 'Amsterdam', 'Netherlands', 52.3105, 4.7683);
INSERT INTO AIRPORT (code, name, city, country, latitude, longitude) VALUES ('FRA', 'Frankfurt Airport', 'Frankfurt', 'Germany', 50.0379, 8.5622);
INSERT INTO AIRPORT (code, name, city, country, latitude, longitude) VALUES ('SVO', 'Sheremetyevo Intl', 'Moscow', 'Russia', 55.9736, 37.4125);
INSERT INTO AIRPORT (code, name, city, country, latitude, longitude) VALUES ('JFK', 'John F. Kennedy Intl', 'New York', 'United States', 40.6413, -73.7781);
INSERT INTO AIRPORT (code, name, city, country, latitude, longitude) VALUES ('DUB', 'Dublin Airport', 'Dublin', 'Ireland', 53.4264, -6.2499);
INSERT INTO AIRPORT (code, name, city, country, latitude, longitude) VALUES ('LGW', 'London Gatwick', 'London', 'United Kingdom', 51.1537, -0.1821);

-- Insert Users with BCrypt hashed passwords
INSERT INTO APP_USER (username, password, first_name, last_name, email, role) VALUES ('user1', '$2y$12$zkiAcfx1qwgxVPxKTbzbl.j7u9wfrUtyfjO/e4u414mZMDmimcrtG', 'John', 'Doe', 'user1@example.com', 'ROLE_USER'); -- pass1
INSERT INTO APP_USER (username, password, first_name, last_name, email, role) VALUES ('admin1', '$2y$12$mr/xmdBFqZJKe79x6WNGruc9qx9xTV8xX0HRsGtIzfaIg6xl3GACG', 'Jane', 'Smith', 'admin1@example.com', 'ROLE_ADMIN'); -- pass2
INSERT INTO APP_USER (username, password, first_name, last_name, email, role) VALUES ('user2', '$2y$12$Xwx.qGQe7Vupvre70r1OU.n3757uBzI0zrwVbbtShLpyDUzvbgnue', 'Peter', 'Jones', 'user2@example.com', 'ROLE_USER'); -- pass3
INSERT INTO APP_USER (username, password, first_name, last_name, email, role) VALUES ('user3', '$2y$12$sG/BXQwdLwNTWCL8NoxhPuOnt2lXqhgX64DBSeW4h5r8oPjNegnee', 'Alice', 'Williams', 'user3@example.com', 'ROLE_USER'); -- pass4
INSERT INTO APP_USER (username, password, first_name, last_name, email, role) VALUES ('admin2', '$2y$12$zNf7czeuW4Nff7rrsDBt9.Thh1l9SM9dNwWaeEchCnQuMHNRdM3Z.', 'Bob', 'Brown', 'admin2@example.com', 'ROLE_ADMIN'); -- pass5
INSERT INTO APP_USER (username, password, first_name, last_name, email, role, airline_code) VALUES ('staff1', '$2y$12$svLcCLqA/ZFrkjr4RGGRg.vG6t7mdf.dyz.hLUjv.CCFNPBy1Gxc.', 'Ayşe', 'Yılmaz', 'staff1@example.com', 'ROLE_AIRLINE_STAFF', 'THY'); -- pass6
INSERT INTO APP_USER (username, password, first_name, last_name, email, role) VALUES ('user4', '$2y$12$wmxhO8axePI7R4oweApq9e6roXcSZB3aPu4jB2FvBXOBfYVMESUla', 'Charlie', 'Davis', 'user4@example.com', 'ROLE_USER'); -- pass7
INSERT INTO APP_USER (username, password, first_name, last_name, email, role) VALUES ('user5', '$2y$12$CIFZ1.lxBYbN1.yXLAkane9tF09vhI88H5sF0pUcFGdyyDDAApKmi', 'Diana', 'Miller', 'user5@example.com', 'ROLE_USER'); -- pass8
INSERT INTO APP_USER (username, password, first_name, last_name, email, role) VALUES ('admin3', '$2y$12$AKBMh07xI5PH.X9FzIrDTOafLFzL.MF444ChpZnioNV0WnUy9xzjS', 'Eve', 'Wilson', 'admin3@example.com', 'ROLE_ADMIN'); -- pass9
INSERT INTO APP_USER (username, password, first_name, last_name, email, role) VALUES ('user6', '$2y$12$W0htFDH09d5ajinx8zjeSOBZHEnkuPyAX3w0ktehVfrEnAcB8pzmO', 'Frank', 'Moore', 'user6@example.com', 'ROLE_USER'); -- pass10

-- Insert Flights
INSERT INTO FLIGHT (id, departure_time, arrival_time, duration, airline_code, origin_airport_code, destination_airport_code, price, seat_count) VALUES (1, '2025-06-20 09:00:00', '2025-06-20 12:00:00', 180, 'THY', 'IST', 'LHR', 150.00, 50);
INSERT INTO FLIGHT (id, departure_time, arrival_time, duration, airline_code, origin_airport_code, destination_airport_code, price, seat_count) VALUES (2, '2025-06-21 14:30:00', '2025-06-21 17:30:00', 210, 'PGS', 'SAW', 'CDG', 120.00, 30);
INSERT INTO FLIGHT (id, departure_time, arrival_time, duration, airline_code, origin_airport_code, destination_airport_code, price, seat_count) VALUES (3, '2025-06-22 12:00:00', '2025-06-22 21:00:00', 720, 'THY', 'IST', 'JFK', 300.00, 20);
INSERT INTO FLIGHT (id, departure_time, arrival_time, duration, airline_code, origin_airport_code, destination_airport_code, price, seat_count) VALUES (4, '2025-06-19 07:45:00', '2025-06-19 10:00:00', 180, 'EZY', 'LGW', 'AMS', 80.00, 100);
INSERT INTO FLIGHT (id, departure_time, arrival_time, duration, airline_code, origin_airport_code, destination_airport_code, price, seat_count) VALUES (5, '2025-06-23 11:15:00', '2025-06-23 13:15:00', 90, 'RYR', 'DUB', 'FRA', 90.00, 70);
INSERT INTO FLIGHT (id, departure_time, arrival_time, duration, airline_code, origin_airport_code, destination_airport_code, price, seat_count) VALUES (6, '2025-06-24 10:00:00', '2025-06-24 12:00:00', 180, 'BAW', 'LHR', 'IST', 200.00, 40);
INSERT INTO FLIGHT (id, departure_time, arrival_time, duration, airline_code, origin_airport_code, destination_airport_code, price, seat_count) VALUES (7, '2025-06-25 16:00:00', '2025-06-25 18:00:00', 720, 'AFL', 'SVO', 'SAW', 250.00, 60);
INSERT INTO FLIGHT (id, departure_time, arrival_time, duration, airline_code, origin_airport_code, destination_airport_code, price, seat_count) VALUES (8, '2025-06-20 13:30:00', '2025-06-20 15:30:00', 180, 'DLH', 'FRA', 'CDG', 180.00, 80);
INSERT INTO FLIGHT (id, departure_time, arrival_time, duration, airline_code, origin_airport_code, destination_airport_code, price, seat_count) VALUES (9, '2025-06-21 18:15:00', '2025-06-21 20:15:00', 180, 'AFR', 'CDG', 'AMS', 160.00, 90);
INSERT INTO FLIGHT (id, departure_time, arrival_time, duration, airline_code, origin_airport_code, destination_airport_code, price, seat_count) VALUES (10, '2025-06-22 21:00:00', '2025-06-22 23:00:00', 180, 'KLM', 'AMS', 'IST', 220.00, 25);
INSERT INTO FLIGHT (id, departure_time, arrival_time, duration, airline_code, origin_airport_code, destination_airport_code, price, seat_count) VALUES (11, '2025-07-01 02:42:00', '2025-07-01 06:19:00', 217, 'AFR', 'CDG', 'FRA', 400.91, 142);
INSERT INTO FLIGHT (id, departure_time, arrival_time, duration, airline_code, origin_airport_code, destination_airport_code, price, seat_count) VALUES (12, '2025-07-02 02:26:00', '2025-07-02 06:44:00', 258, 'AFR', 'CDG', 'IST', 448.96, 172);
INSERT INTO FLIGHT (id, departure_time, arrival_time, duration, airline_code, origin_airport_code, destination_airport_code, price, seat_count) VALUES (13, '2025-07-02 21:09:00', '2025-07-03 00:09:00', 180, 'KLM', 'AMS', 'FRA', 282.87, 102);
INSERT INTO FLIGHT (id, departure_time, arrival_time, duration, airline_code, origin_airport_code, destination_airport_code, price, seat_count) VALUES (14, '2025-07-03 14:13:00', '2025-07-03 17:33:00', 200, 'AFL', 'SVO', 'DUB', 374.96, 175);
INSERT INTO FLIGHT (id, departure_time, arrival_time, duration, airline_code, origin_airport_code, destination_airport_code, price, seat_count) VALUES (15, '2025-07-04 18:37:00', '2025-07-04 20:37:00', 120, 'AFR', 'CDG', 'DUB', 184.97, 150);
INSERT INTO FLIGHT (id, departure_time, arrival_time, duration, airline_code, origin_airport_code, destination_airport_code, price, seat_count) VALUES (16, '2025-07-06 01:21:00', '2025-07-06 05:40:00', 259, 'EZY', 'LHR', 'SVO', 379.80, 169);
INSERT INTO FLIGHT (id, departure_time, arrival_time, duration, airline_code, origin_airport_code, destination_airport_code, price, seat_count) VALUES (17, '2025-07-06 08:35:00', '2025-07-06 10:43:00', 128, 'KLM', 'AMS', 'FRA', 186.29, 116);
INSERT INTO FLIGHT (id, departure_time, arrival_time, duration, airline_code, origin_airport_code, destination_airport_code, price, seat_count) VALUES (18, '2025-07-07 10:04:00', '2025-07-07 13:04:00', 180, 'AFL', 'SVO', 'LHR', 357.54, 169);
INSERT INTO FLIGHT (id, departure_time, arrival_time, duration, airline_code, origin_airport_code, destination_airport_code, price, seat_count) VALUES (19, '2025-07-07 20:41:00', '2025-07-08 02:54:00', 373, 'THY', 'IST', 'DUB', 463.85, 127);
INSERT INTO FLIGHT (id, departure_time, arrival_time, duration, airline_code, origin_airport_code, destination_airport_code, price, seat_count) VALUES (20, '2025-07-09 17:01:00', '2025-07-09 21:04:00', 243, 'RYR', 'DUB', 'FRA', 139.77, 107);
INSERT INTO FLIGHT (id, departure_time, arrival_time, duration, airline_code, origin_airport_code, destination_airport_code, price, seat_count) VALUES (21, '2025-07-10 03:09:00', '2025-07-10 06:17:00', 188, 'KLM', 'AMS', 'LHR', 302.58, 145);
INSERT INTO FLIGHT (id, departure_time, arrival_time, duration, airline_code, origin_airport_code, destination_airport_code, price, seat_count) VALUES (22, '2025-07-11 02:49:00', '2025-07-11 08:32:00', 343, 'PGS', 'SAW', 'LHR', 222.04, 112);
INSERT INTO FLIGHT (id, departure_time, arrival_time, duration, airline_code, origin_airport_code, destination_airport_code, price, seat_count) VALUES (23, '2025-07-11 11:25:00', '2025-07-11 15:47:00', 262, 'KLM', 'AMS', 'FRA', 288.66, 179);
INSERT INTO FLIGHT (id, departure_time, arrival_time, duration, airline_code, origin_airport_code, destination_airport_code, price, seat_count) VALUES (24, '2025-07-12 10:14:00', '2025-07-12 16:32:00', 378, 'AFL', 'SVO', 'CDG', 301.76, 128);
INSERT INTO FLIGHT (id, departure_time, arrival_time, duration, airline_code, origin_airport_code, destination_airport_code, price, seat_count) VALUES (25, '2025-07-12 21:32:00', '2025-07-13 01:21:00', 229, 'DLH', 'FRA', 'LGW', 497.07, 151);
INSERT INTO FLIGHT (id, departure_time, arrival_time, duration, airline_code, origin_airport_code, destination_airport_code, price, seat_count) VALUES (26, '2025-07-14 02:30:00', '2025-07-14 07:05:00', 275, 'PGS', 'SAW', 'DUB', 183.05, 126);
INSERT INTO FLIGHT (id, departure_time, arrival_time, duration, airline_code, origin_airport_code, destination_airport_code, price, seat_count) VALUES (27, '2025-07-15 00:03:00', '2025-07-15 05:27:00', 324, 'BAW', 'LHR', 'IST', 448.29, 107);
INSERT INTO FLIGHT (id, departure_time, arrival_time, duration, airline_code, origin_airport_code, destination_airport_code, price, seat_count) VALUES (28, '2025-07-15 13:46:00', '2025-07-15 19:46:00', 360, 'EZY', 'LGW', 'AMS', 182.17, 137);
INSERT INTO FLIGHT (id, departure_time, arrival_time, duration, airline_code, origin_airport_code, destination_airport_code, price, seat_count) VALUES (29, '2025-07-16 02:18:00', '2025-07-16 04:36:00', 138, 'DLH', 'FRA', 'AMS', 123.36, 169);
INSERT INTO FLIGHT (id, departure_time, arrival_time, duration, airline_code, origin_airport_code, destination_airport_code, price, seat_count) VALUES (30, '2025-07-16 23:49:00', '2025-07-17 04:38:00', 289, 'AFL', 'SVO', 'DUB', 396.64, 163);
INSERT INTO FLIGHT (id, departure_time, arrival_time, duration, airline_code, origin_airport_code, destination_airport_code, price, seat_count) VALUES (31, '2025-07-17 23:09:00', '2025-07-18 05:13:00', 364, 'EZY', 'LGW', 'IST', 497.10, 71);
INSERT INTO FLIGHT (id, departure_time, arrival_time, duration, airline_code, origin_airport_code, destination_airport_code, price, seat_count) VALUES (32, '2025-07-19 02:30:00', '2025-07-19 06:17:00', 227, 'DLH', 'FRA', 'SAW', 147.27, 85);
INSERT INTO FLIGHT (id, departure_time, arrival_time, duration, airline_code, origin_airport_code, destination_airport_code, price, seat_count) VALUES (33, '2025-07-19 05:49:00', '2025-07-19 11:49:00', 360, 'PGS', 'SAW', 'FRA', 158.46, 114);
INSERT INTO FLIGHT (id, departure_time, arrival_time, duration, airline_code, origin_airport_code, destination_airport_code, price, seat_count) VALUES (34, '2025-07-20 03:00:00', '2025-07-20 04:59:00', 119, 'DLH', 'FRA', 'AMS', 170.83, 154);
INSERT INTO FLIGHT (id, departure_time, arrival_time, duration, airline_code, origin_airport_code, destination_airport_code, price, seat_count) VALUES (35, '2025-07-21 00:09:00', '2025-07-21 04:26:00', 257, 'EZY', 'LGW', 'AMS', 198.81, 106);
INSERT INTO FLIGHT (id, departure_time, arrival_time, duration, airline_code, origin_airport_code, destination_airport_code, price, seat_count) VALUES (36, '2025-07-22 00:41:00', '2025-07-22 03:55:00', 194, 'DLH', 'FRA', 'CDG', 450.45, 142);
INSERT INTO FLIGHT (id, departure_time, arrival_time, duration, airline_code, origin_airport_code, destination_airport_code, price, seat_count) VALUES (37, '2025-07-22 08:09:00', '2025-07-22 13:42:00', 333, 'AFL', 'SVO', 'FRA', 459.73, 118);
INSERT INTO FLIGHT (id, departure_time, arrival_time, duration, airline_code, origin_airport_code, destination_airport_code, price, seat_count) VALUES (38, '2025-07-23 10:48:00', '2025-07-23 12:48:00', 120, 'EZY', 'LGW', 'AMS', 186.29, 137);
INSERT INTO FLIGHT (id, departure_time, arrival_time, duration, airline_code, origin_airport_code, destination_airport_code, price, seat_count) VALUES (39, '2025-07-23 18:24:00', '2025-07-23 20:38:00', 134, 'RYR', 'DUB', 'FRA', 151.78, 178);
INSERT INTO FLIGHT (id, departure_time, arrival_time, duration, airline_code, origin_airport_code, destination_airport_code, price, seat_count) VALUES (40, '2025-07-24 16:35:00', '2025-07-24 21:03:00', 268, 'THY', 'IST', 'AMS', 497.64, 53);
INSERT INTO FLIGHT (id, departure_time, arrival_time, duration, airline_code, origin_airport_code, destination_airport_code, price, seat_count) VALUES (41, '2025-07-25 15:43:00', '2025-07-25 19:43:00', 240, 'KLM', 'AMS', 'LGW', 496.06, 175);
INSERT INTO FLIGHT (id, departure_time, arrival_time, duration, airline_code, origin_airport_code, destination_airport_code, price, seat_count) VALUES (42, '2025-07-26 14:13:00', '2025-07-26 18:13:00', 240, 'AFR', 'CDG', 'FRA', 188.75, 177);
INSERT INTO FLIGHT (id, departure_time, arrival_time, duration, airline_code, origin_airport_code, destination_airport_code, price, seat_count) VALUES (43, '2025-07-26 23:42:00', '2025-07-27 05:42:00', 360, 'THY', 'IST', 'SVO', 374.33, 102);
INSERT INTO FLIGHT (id, departure_time, arrival_time, duration, airline_code, origin_airport_code, destination_airport_code, price, seat_count) VALUES (44, '2025-07-28 01:21:00', '2025-07-28 07:21:00', 360, 'BAW', 'LHR', 'IST', 494.34, 137);
INSERT INTO FLIGHT (id, departure_time, arrival_time, duration, airline_code, origin_airport_code, destination_airport_code, price, seat_count) VALUES (45, '2025-07-29 02:44:00', '2025-07-29 08:44:00', 360, 'EZY', 'LGW', 'AMS', 158.48, 116);
INSERT INTO FLIGHT (id, departure_time, arrival_time, duration, airline_code, origin_airport_code, destination_airport_code, price, seat_count) VALUES (46, '2025-07-29 06:17:00', '2025-07-29 11:13:00', 296, 'KLM', 'AMS', 'FRA', 382.72, 117);
INSERT INTO FLIGHT (id, departure_time, arrival_time, duration, airline_code, origin_airport_code, destination_airport_code, price, seat_count) VALUES (47, '2025-07-30 08:35:00', '2025-07-30 11:14:00', 159, 'RYR', 'DUB', 'LGW', 147.27, 98);
INSERT INTO FLIGHT (id, departure_time, arrival_time, duration, airline_code, origin_airport_code, destination_airport_code, price, seat_count) VALUES (48, '2025-07-31 03:00:00', '2025-07-31 06:07:00', 187, 'THY', 'IST', 'LHR', 494.75, 108);
INSERT INTO FLIGHT (id, departure_time, arrival_time, duration, airline_code, origin_airport_code, destination_airport_code, price, seat_count) VALUES (49, '2025-08-01 02:26:00', '2025-08-01 06:26:00', 240, 'PGS', 'SAW', 'CDG', 160.77, 106);
INSERT INTO FLIGHT (id, departure_time, arrival_time, duration, airline_code, origin_airport_code, destination_airport_code, price, seat_count) VALUES (50, '2025-08-01 10:04:00', '2025-08-01 14:04:00', 240, 'AFR', 'CDG', 'AMS', 204.30, 151);
INSERT INTO FLIGHT (id, departure_time, arrival_time, duration, airline_code, origin_airport_code, destination_airport_code, price, seat_count) VALUES (51, '2025-08-02 16:35:00', '2025-08-02 20:35:00', 240, 'AFL', 'SVO', 'IST', 413.78, 172);
INSERT INTO FLIGHT (id, departure_time, arrival_time, duration, airline_code, origin_airport_code, destination_airport_code, price, seat_count) VALUES (52, '2025-08-03 01:21:00', '2025-08-03 07:21:00', 360, 'BAW', 'LHR', 'IST', 364.55, 126);
INSERT INTO FLIGHT (id, departure_time, arrival_time, duration, airline_code, origin_airport_code, destination_airport_code, price, seat_count) VALUES (53, '2025-08-04 02:44:00', '2025-08-04 08:44:00', 360, 'EZY', 'LGW', 'AMS', 438.38, 142);
INSERT INTO FLIGHT (id, departure_time, arrival_time, duration, airline_code, origin_airport_code, destination_airport_code, price, seat_count) VALUES (54, '2025-08-04 11:25:00', '2025-08-04 15:25:00', 240, 'KLM', 'AMS', 'IST', 386.41, 159);
INSERT INTO FLIGHT (id, departure_time, arrival_time, duration, airline_code, origin_airport_code, destination_airport_code, price, seat_count) VALUES (55, '2025-08-05 18:24:00', '2025-08-05 20:24:00', 120, 'RYR', 'DUB', 'FRA', 180.20, 102);
INSERT INTO FLIGHT (id, departure_time, arrival_time, duration, airline_code, origin_airport_code, destination_airport_code, price, seat_count) VALUES (56, '2025-08-06 17:01:00', '2025-08-06 21:01:00', 240, 'THY', 'IST', 'LHR', 369.37, 137);
INSERT INTO FLIGHT (id, departure_time, arrival_time, duration, airline_code, origin_airport_code, destination_airport_code, price, seat_count) VALUES (57, '2025-08-07 15:43:00', '2025-08-07 19:43:00', 240, 'PGS', 'SAW', 'CDG', 170.83, 148);
INSERT INTO FLIGHT (id, departure_time, arrival_time, duration, airline_code, origin_airport_code, destination_airport_code, price, seat_count) VALUES (58, '2025-08-08 14:13:00', '2025-08-08 18:13:00', 240, 'AFR', 'CDG', 'AMS', 123.36, 178);
INSERT INTO FLIGHT (id, departure_time, arrival_time, duration, airline_code, origin_airport_code, destination_airport_code, price, seat_count) VALUES (59, '2025-08-09 23:42:00', '2025-08-10 05:42:00', 360, 'AFL', 'SVO', 'IST', 396.64, 169);
INSERT INTO FLIGHT (id, departure_time, arrival_time, duration, airline_code, origin_airport_code, destination_airport_code, price, seat_count) VALUES (60, '2025-08-11 02:44:00', '2025-08-11 08:44:00', 360, 'BAW', 'LHR', 'IST', 374.33, 102);
INSERT INTO FLIGHT (id, departure_time, arrival_time, duration, airline_code, origin_airport_code, destination_airport_code, price, seat_count) VALUES (61, '2025-08-11 06:17:00', '2025-08-11 10:17:00', 240, 'EZY', 'LGW', 'AMS', 497.10, 71);
INSERT INTO FLIGHT (id, departure_time, arrival_time, duration, airline_code, origin_airport_code, destination_airport_code, price, seat_count) VALUES (62, '2025-08-12 18:24:00', '2025-08-12 22:24:00', 240, 'KLM', 'AMS', 'IST', 147.27, 85);
INSERT INTO FLIGHT (id, departure_time, arrival_time, duration, airline_code, origin_airport_code, destination_airport_code, price, seat_count) VALUES (63, '2025-08-13 17:01:00', '2025-08-13 21:01:00', 240, 'RYR', 'DUB', 'FRA', 158.46, 114);
INSERT INTO FLIGHT (id, departure_time, arrival_time, duration, airline_code, origin_airport_code, destination_airport_code, price, seat_count) VALUES (64, '2025-08-14 15:43:00', '2025-08-14 19:43:00', 240, 'THY', 'IST', 'LHR', 170.83, 154);
INSERT INTO FLIGHT (id, departure_time, arrival_time, duration, airline_code, origin_airport_code, destination_airport_code, price, seat_count) VALUES (65, '2025-08-15 14:13:00', '2025-08-15 18:13:00', 240, 'PGS', 'SAW', 'CDG', 198.81, 106);
INSERT INTO FLIGHT (id, departure_time, arrival_time, duration, airline_code, origin_airport_code, destination_airport_code, price, seat_count) VALUES (66, '2025-08-16 23:42:00', '2025-08-17 05:42:00', 360, 'AFR', 'CDG', 'AMS', 450.45, 142);
INSERT INTO FLIGHT (id, departure_time, arrival_time, duration, airline_code, origin_airport_code, destination_airport_code, price, seat_count) VALUES (67, '2025-08-18 02:44:00', '2025-08-18 08:44:00', 360, 'AFL', 'SVO', 'IST', 459.73, 118);
INSERT INTO FLIGHT (id, departure_time, arrival_time, duration, airline_code, origin_airport_code, destination_airport_code, price, seat_count) VALUES (68, '2025-08-18 11:25:00', '2025-08-18 15:25:00', 240, 'BAW', 'LHR', 'IST', 186.29, 137);
INSERT INTO FLIGHT (id, departure_time, arrival_time, duration, airline_code, origin_airport_code, destination_airport_code, price, seat_count) VALUES (69, '2025-08-19 18:24:00', '2025-08-19 22:24:00', 240, 'EZY', 'LGW', 'AMS', 151.78, 178);
INSERT INTO FLIGHT (id, departure_time, arrival_time, duration, airline_code, origin_airport_code, destination_airport_code, price, seat_count) VALUES (70, '2025-08-20 17:01:00', '2025-08-20 21:01:00', 240, 'KLM', 'AMS', 'IST', 497.64, 53);
INSERT INTO FLIGHT (id, departure_time, arrival_time, duration, airline_code, origin_airport_code, destination_airport_code, price, seat_count) VALUES (71, '2025-08-21 15:43:00', '2025-08-21 19:43:00', 240, 'RYR', 'DUB', 'FRA', 496.06, 175);
INSERT INTO FLIGHT (id, departure_time, arrival_time, duration, airline_code, origin_airport_code, destination_airport_code, price, seat_count) VALUES (72, '2025-08-22 14:13:00', '2025-08-22 18:13:00', 240, 'THY', 'IST', 'LHR', 188.75, 177);
INSERT INTO FLIGHT (id, departure_time, arrival_time, duration, airline_code, origin_airport_code, destination_airport_code, price, seat_count) VALUES (73, '2025-08-23 23:42:00', '2025-08-24 05:42:00', 360, 'PGS', 'SAW', 'CDG', 374.33, 102);
INSERT INTO FLIGHT (id, departure_time, arrival_time, duration, airline_code, origin_airport_code, destination_airport_code, price, seat_count) VALUES (74, '2025-08-25 02:44:00', '2025-08-25 08:44:00', 360, 'AFR', 'CDG', 'AMS', 494.34, 137);
INSERT INTO FLIGHT (id, departure_time, arrival_time, duration, airline_code, origin_airport_code, destination_airport_code, price, seat_count) VALUES (75, '2025-08-25 11:25:00', '2025-08-25 15:25:00', 240, 'AFL', 'SVO', 'IST', 158.48, 116);
INSERT INTO FLIGHT (id, departure_time, arrival_time, duration, airline_code, origin_airport_code, destination_airport_code, price, seat_count) VALUES (76, '2025-08-26 18:24:00', '2025-08-26 22:24:00', 240, 'BAW', 'LHR', 'IST', 382.72, 117);
INSERT INTO FLIGHT (id, departure_time, arrival_time, duration, airline_code, origin_airport_code, destination_airport_code, price, seat_count) VALUES (77, '2025-08-27 17:01:00', '2025-08-27 21:01:00', 240, 'EZY', 'LGW', 'AMS', 147.27, 98);
INSERT INTO FLIGHT (id, departure_time, arrival_time, duration, airline_code, origin_airport_code, destination_airport_code, price, seat_count) VALUES (78, '2025-08-28 15:43:00', '2025-08-28 19:43:00', 240, 'KLM', 'AMS', 'IST', 494.75, 108);
INSERT INTO FLIGHT (id, departure_time, arrival_time, duration, airline_code, origin_airport_code, destination_airport_code, price, seat_count) VALUES (79, '2025-08-29 14:13:00', '2025-08-29 18:13:00', 240, 'RYR', 'DUB', 'FRA', 160.77, 106);
INSERT INTO FLIGHT (id, departure_time, arrival_time, duration, airline_code, origin_airport_code, destination_airport_code, price, seat_count) VALUES (80, '2025-08-30 23:42:00', '2025-08-31 05:42:00', 360, 'THY', 'IST', 'LHR', 204.30, 151);
INSERT INTO FLIGHT (id, departure_time, arrival_time, duration, airline_code, origin_airport_code, destination_airport_code, price, seat_count) VALUES (81, '2025-09-01 02:44:00', '2025-09-01 08:44:00', 360, 'PGS', 'SAW', 'CDG', 413.78, 172);
INSERT INTO FLIGHT (id, departure_time, arrival_time, duration, airline_code, origin_airport_code, destination_airport_code, price, seat_count) VALUES (82, '2025-09-01 11:25:00', '2025-09-01 15:25:00', 240, 'AFR', 'CDG', 'AMS', 364.55, 126);
INSERT INTO FLIGHT (id, departure_time, arrival_time, duration, airline_code, origin_airport_code, destination_airport_code, price, seat_count) VALUES (83, '2025-09-02 18:24:00', '2025-09-02 22:24:00', 240, 'AFL', 'SVO', 'IST', 438.38, 142);
INSERT INTO FLIGHT (id, departure_time, arrival_time, duration, airline_code, origin_airport_code, destination_airport_code, price, seat_count) VALUES (84, '2025-09-03 17:01:00', '2025-09-03 21:01:00', 240, 'BAW', 'LHR', 'IST', 386.41, 159);
INSERT INTO FLIGHT (id, departure_time, arrival_time, duration, airline_code, origin_airport_code, destination_airport_code, price, seat_count) VALUES (85, '2025-09-04 15:43:00', '2025-09-04 19:43:00', 240, 'EZY', 'LGW', 'AMS', 180.20, 102);
INSERT INTO FLIGHT (id, departure_time, arrival_time, duration, airline_code, origin_airport_code, destination_airport_code, price, seat_count) VALUES (86, '2025-09-05 14:13:00', '2025-09-05 18:13:00', 240, 'KLM', 'AMS', 'IST', 369.37, 137);
INSERT INTO FLIGHT (id, departure_time, arrival_time, duration, airline_code, origin_airport_code, destination_airport_code, price, seat_count) VALUES (87, '2025-09-06 23:42:00', '2025-09-07 05:42:00', 360, 'RYR', 'DUB', 'FRA', 170.83, 148);
INSERT INTO FLIGHT (id, departure_time, arrival_time, duration, airline_code, origin_airport_code, destination_airport_code, price, seat_count) VALUES (88, '2025-09-08 02:44:00', '2025-09-08 08:44:00', 360, 'THY', 'IST', 'LHR', 123.36, 178);
INSERT INTO FLIGHT (id, departure_time, arrival_time, duration, airline_code, origin_airport_code, destination_airport_code, price, seat_count) VALUES (89, '2025-09-08 11:25:00', '2025-09-08 15:25:00', 240, 'PGS', 'SAW', 'CDG', 396.64, 169);
INSERT INTO FLIGHT (id, departure_time, arrival_time, duration, airline_code, origin_airport_code, destination_airport_code, price, seat_count) VALUES (90, '2025-09-09 18:24:00', '2025-09-09 22:24:00', 240, 'AFR', 'CDG', 'AMS', 374.33, 102);
INSERT INTO FLIGHT (id, departure_time, arrival_time, duration, airline_code, origin_airport_code, destination_airport_code, price, seat_count) VALUES (91, '2025-09-10 17:01:00', '2025-09-10 21:01:00', 240, 'AFL', 'SVO', 'IST', 497.10, 71);
INSERT INTO FLIGHT (id, departure_time, arrival_time, duration, airline_code, origin_airport_code, destination_airport_code, price, seat_count) VALUES (92, '2025-09-11 15:43:00', '2025-09-11 19:43:00', 240, 'BAW', 'LHR', 'IST', 147.27, 85);
INSERT INTO FLIGHT (id, departure_time, arrival_time, duration, airline_code, origin_airport_code, destination_airport_code, price, seat_count) VALUES (93, '2025-09-12 14:13:00', '2025-09-12 18:13:00', 240, 'EZY', 'LGW', 'AMS', 158.46, 114);
INSERT INTO FLIGHT (id, departure_time, arrival_time, duration, airline_code, origin_airport_code, destination_airport_code, price, seat_count) VALUES (94, '2025-09-13 23:42:00', '2025-09-14 05:42:00', 360, 'KLM', 'AMS', 'IST', 170.83, 154);
INSERT INTO FLIGHT (id, departure_time, arrival_time, duration, airline_code, origin_airport_code, destination_airport_code, price, seat_count) VALUES (95, '2025-09-15 02:44:00', '2025-09-15 08:44:00', 360, 'RYR', 'DUB', 'FRA', 198.81, 106);
INSERT INTO FLIGHT (id, departure_time, arrival_time, duration, airline_code, origin_airport_code, destination_airport_code, price, seat_count) VALUES (96, '2025-09-15 11:25:00', '2025-09-15 15:25:00', 240, 'THY', 'IST', 'LHR', 450.45, 142);
INSERT INTO FLIGHT (id, departure_time, arrival_time, duration, airline_code, origin_airport_code, destination_airport_code, price, seat_count) VALUES (97, '2025-09-16 18:24:00', '2025-09-16 22:24:00', 240, 'PGS', 'SAW', 'CDG', 459.73, 118);
INSERT INTO FLIGHT (id, departure_time, arrival_time, duration, airline_code, origin_airport_code, destination_airport_code, price, seat_count) VALUES (98, '2025-09-17 17:01:00', '2025-09-17 21:01:00', 240, 'AFR', 'CDG', 'AMS', 186.29, 137);
INSERT INTO FLIGHT (id, departure_time, arrival_time, duration, airline_code, origin_airport_code, destination_airport_code, price, seat_count) VALUES (99, '2025-09-18 15:43:00', '2025-09-18 19:43:00', 240, 'AFL', 'SVO', 'IST', 151.78, 178);
INSERT INTO FLIGHT (id, departure_time, arrival_time, duration, airline_code, origin_airport_code, destination_airport_code, price, seat_count) VALUES (100, '2025-09-19 14:13:00', '2025-09-19 18:13:00', 240, 'BAW', 'LHR', 'IST', 497.64, 53);
INSERT INTO FLIGHT (id, departure_time, arrival_time, duration, airline_code, origin_airport_code, destination_airport_code, price, seat_count) VALUES (101, '2025-09-20 23:42:00', '2025-09-21 05:42:00', 360, 'EZY', 'LGW', 'AMS', 496.06, 175);
INSERT INTO FLIGHT (id, departure_time, arrival_time, duration, airline_code, origin_airport_code, destination_airport_code, price, seat_count) VALUES (102, '2025-09-22 02:44:00', '2025-09-22 08:44:00', 360, 'KLM', 'AMS', 'IST', 188.75, 177);
INSERT INTO FLIGHT (id, departure_time, arrival_time, duration, airline_code, origin_airport_code, destination_airport_code, price, seat_count) VALUES (103, '2025-09-22 11:25:00', '2025-09-22 15:25:00', 240, 'RYR', 'DUB', 'FRA', 374.33, 102);
INSERT INTO FLIGHT (id, departure_time, arrival_time, duration, airline_code, origin_airport_code, destination_airport_code, price, seat_count) VALUES (104, '2025-09-23 18:24:00', '2025-09-23 22:24:00', 240, 'THY', 'IST', 'LHR', 494.34, 137);
INSERT INTO FLIGHT (id, departure_time, arrival_time, duration, airline_code, origin_airport_code, destination_airport_code, price, seat_count) VALUES (105, '2025-09-24 17:01:00', '2025-09-24 21:01:00', 240, 'PGS', 'SAW', 'CDG', 158.48, 116);
INSERT INTO FLIGHT (id, departure_time, arrival_time, duration, airline_code, origin_airport_code, destination_airport_code, price, seat_count) VALUES (106, '2025-09-25 15:43:00', '2025-09-25 19:43:00', 240, 'AFR', 'CDG', 'AMS', 382.72, 117);
INSERT INTO FLIGHT (id, departure_time, arrival_time, duration, airline_code, origin_airport_code, destination_airport_code, price, seat_count) VALUES (107, '2025-09-26 14:13:00', '2025-09-26 18:13:00', 240, 'AFL', 'SVO', 'IST', 147.27, 98);
INSERT INTO FLIGHT (id, departure_time, arrival_time, duration, airline_code, origin_airport_code, destination_airport_code, price, seat_count) VALUES (108, '2025-09-27 23:42:00', '2025-09-28 05:42:00', 360, 'BAW', 'LHR', 'IST', 494.75, 108);
INSERT INTO FLIGHT (id, departure_time, arrival_time, duration, airline_code, origin_airport_code, destination_airport_code, price, seat_count) VALUES (109, '2025-09-29 02:44:00', '2025-09-29 08:44:00', 360, 'EZY', 'LGW', 'AMS', 160.77, 106);
INSERT INTO FLIGHT (id, departure_time, arrival_time, duration, airline_code, origin_airport_code, destination_airport_code, price, seat_count) VALUES (110, '2025-09-29 11:25:00', '2025-09-29 15:25:00', 240, 'KLM', 'AMS', 'IST', 204.30, 151);
INSERT INTO FLIGHT (id, departure_time, arrival_time, duration, airline_code, origin_airport_code, destination_airport_code, price, seat_count) VALUES (111, '2025-09-30 18:24:00', '2025-09-30 22:24:00', 240, 'RYR', 'DUB', 'FRA', 413.78, 172);
INSERT INTO FLIGHT (id, departure_time, arrival_time, duration, airline_code, origin_airport_code, destination_airport_code, price, seat_count) VALUES (112, '2025-10-01 17:01:00', '2025-10-01 21:01:00', 240, 'THY', 'IST', 'LHR', 364.55, 126);
INSERT INTO FLIGHT (id, departure_time, arrival_time, duration, airline_code, origin_airport_code, destination_airport_code, price, seat_count) VALUES (113, '2025-10-02 15:43:00', '2025-10-02 19:43:00', 240, 'PGS', 'SAW', 'CDG', 438.38, 142);
INSERT INTO FLIGHT (id, departure_time, arrival_time, duration, airline_code, origin_airport_code, destination_airport_code, price, seat_count) VALUES (114, '2025-10-03 14:13:00', '2025-10-03 18:13:00', 240, 'AFR', 'CDG', 'AMS', 386.41, 159);
INSERT INTO FLIGHT (id, departure_time, arrival_time, duration, airline_code, origin_airport_code, destination_airport_code, price, seat_count) VALUES (115, '2025-10-04 23:42:00', '2025-10-05 05:42:00', 360, 'AFL', 'SVO', 'IST', 180.20, 102);
INSERT INTO FLIGHT (id, departure_time, arrival_time, duration, airline_code, origin_airport_code, destination_airport_code, price, seat_count) VALUES (116, '2025-10-06 02:44:00', '2025-10-06 08:44:00', 360, 'BAW', 'LHR', 'IST', 369.37, 137);
INSERT INTO FLIGHT (id, departure_time, arrival_time, duration, airline_code, origin_airport_code, destination_airport_code, price, seat_count) VALUES (117, '2025-10-06 11:25:00', '2025-10-06 15:25:00', 240, 'EZY', 'LGW', 'AMS', 170.83, 148);
INSERT INTO FLIGHT (id, departure_time, arrival_time, duration, airline_code, origin_airport_code, destination_airport_code, price, seat_count) VALUES (118, '2025-10-07 18:24:00', '2025-10-07 22:24:00', 240, 'KLM', 'AMS', 'IST', 123.36, 178);
INSERT INTO FLIGHT (id, departure_time, arrival_time, duration, airline_code, origin_airport_code, destination_airport_code, price, seat_count) VALUES (119, '2025-10-08 17:01:00', '2025-10-08 21:01:00', 240, 'RYR', 'DUB', 'FRA', 396.64, 169);
INSERT INTO FLIGHT (id, departure_time, arrival_time, duration, airline_code, origin_airport_code, destination_airport_code, price, seat_count) VALUES (120, '2025-10-09 15:43:00', '2025-10-09 19:43:00', 240, 'THY', 'IST', 'LHR', 374.33, 102);
INSERT INTO FLIGHT (id, departure_time, arrival_time, duration, airline_code, origin_airport_code, destination_airport_code, price, seat_count) VALUES (121, '2025-10-10 14:13:00', '2025-10-10 18:13:00', 240, 'PGS', 'SAW', 'CDG', 497.10, 71);
INSERT INTO FLIGHT (id, departure_time, arrival_time, duration, airline_code, origin_airport_code, destination_airport_code, price, seat_count) VALUES (122, '2025-10-11 23:42:00', '2025-10-12 05:42:00', 360, 'AFR', 'CDG', 'AMS', 147.27, 85);
INSERT INTO FLIGHT (id, departure_time, arrival_time, duration, airline_code, origin_airport_code, destination_airport_code, price, seat_count) VALUES (123, '2025-10-13 02:44:00', '2025-10-13 08:44:00', 360, 'AFL', 'SVO', 'IST', 158.46, 114);
INSERT INTO FLIGHT (id, departure_time, arrival_time, duration, airline_code, origin_airport_code, destination_airport_code, price, seat_count) VALUES (124, '2025-10-13 11:25:00', '2025-10-13 15:25:00', 240, 'BAW', 'LHR', 'IST', 170.83, 154);
INSERT INTO FLIGHT (id, departure_time, arrival_time, duration, airline_code, origin_airport_code, destination_airport_code, price, seat_count) VALUES (125, '2025-10-14 18:24:00', '2025-10-14 22:24:00', 240, 'EZY', 'LGW', 'AMS', 198.81, 106);
INSERT INTO FLIGHT (id, departure_time, arrival_time, duration, airline_code, origin_airport_code, destination_airport_code, price, seat_count) VALUES (126, '2025-10-15 17:01:00', '2025-10-15 21:01:00', 240, 'KLM', 'AMS', 'IST', 450.45, 142);
INSERT INTO FLIGHT (id, departure_time, arrival_time, duration, airline_code, origin_airport_code, destination_airport_code, price, seat_count) VALUES (127, '2025-10-16 15:43:00', '2025-10-16 19:43:00', 240, 'RYR', 'DUB', 'FRA', 459.73, 118);
INSERT INTO FLIGHT (id, departure_time, arrival_time, duration, airline_code, origin_airport_code, destination_airport_code, price, seat_count) VALUES (128, '2025-10-17 14:13:00', '2025-10-17 18:13:00', 240, 'THY', 'IST', 'LHR', 186.29, 137);
INSERT INTO FLIGHT (id, departure_time, arrival_time, duration, airline_code, origin_airport_code, destination_airport_code, price, seat_count) VALUES (129, '2025-10-18 23:42:00', '2025-10-19 05:42:00', 360, 'PGS', 'SAW', 'CDG', 151.78, 178);
INSERT INTO FLIGHT (id, departure_time, arrival_time, duration, airline_code, origin_airport_code, destination_airport_code, price, seat_count) VALUES (130, '2025-10-20 02:44:00', '2025-10-20 08:44:00', 360, 'AFR', 'CDG', 'AMS', 497.64, 53);
INSERT INTO FLIGHT (id, departure_time, arrival_time, duration, airline_code, origin_airport_code, destination_airport_code, price, seat_count) VALUES (131, '2025-10-20 11:25:00', '2025-10-20 15:25:00', 240, 'AFL', 'SVO', 'IST', 496.06, 175);
INSERT INTO FLIGHT (id, departure_time, arrival_time, duration, airline_code, origin_airport_code, destination_airport_code, price, seat_count) VALUES (132, '2025-10-21 18:24:00', '2025-10-21 22:24:00', 240, 'BAW', 'LHR', 'IST', 188.75, 177);
INSERT INTO FLIGHT (id, departure_time, arrival_time, duration, airline_code, origin_airport_code, destination_airport_code, price, seat_count) VALUES (133, '2025-10-22 17:01:00', '2025-10-22 21:01:00', 240, 'EZY', 'LGW', 'AMS', 374.33, 102);
INSERT INTO FLIGHT (id, departure_time, arrival_time, duration, airline_code, origin_airport_code, destination_airport_code, price, seat_count) VALUES (134, '2025-10-23 15:43:00', '2025-10-23 19:43:00', 240, 'KLM', 'AMS', 'IST', 494.34, 137);
INSERT INTO FLIGHT (id, departure_time, arrival_time, duration, airline_code, origin_airport_code, destination_airport_code, price, seat_count) VALUES (135, '2025-10-24 14:13:00', '2025-10-24 18:13:00', 240, 'RYR', 'DUB', 'FRA', 158.48, 116);
INSERT INTO FLIGHT (id, departure_time, arrival_time, duration, airline_code, origin_airport_code, destination_airport_code, price, seat_count) VALUES (136, '2025-10-25 23:42:00', '2025-10-26 05:42:00', 360, 'THY', 'IST', 'LHR', 382.72, 117);
INSERT INTO FLIGHT (id, departure_time, arrival_time, duration, airline_code, origin_airport_code, destination_airport_code, price, seat_count) VALUES (137, '2025-10-27 02:44:00', '2025-10-27 08:44:00', 360, 'PGS', 'SAW', 'CDG', 147.27, 98);
INSERT INTO FLIGHT (id, departure_time, arrival_time, duration, airline_code, origin_airport_code, destination_airport_code, price, seat_count) VALUES (138, '2025-10-27 11:25:00', '2025-10-27 15:25:00', 240, 'AFR', 'CDG', 'AMS', 494.75, 108);
INSERT INTO FLIGHT (id, departure_time, arrival_time, duration, airline_code, origin_airport_code, destination_airport_code, price, seat_count) VALUES (139, '2025-10-28 18:24:00', '2025-10-28 22:24:00', 240, 'AFL', 'SVO', 'IST', 160.77, 106);
INSERT INTO FLIGHT (id, departure_time, arrival_time, duration, airline_code, origin_airport_code, destination_airport_code, price, seat_count) VALUES (140, '2025-10-29 17:01:00', '2025-10-29 21:01:00', 240, 'BAW', 'LHR', 'IST', 204.30, 151);
INSERT INTO FLIGHT (id, departure_time, arrival_time, duration, airline_code, origin_airport_code, destination_airport_code, price, seat_count) VALUES (141, '2025-10-30 15:43:00', '2025-10-30 19:43:00', 240, 'EZY', 'LGW', 'AMS', 413.78, 172);
INSERT INTO FLIGHT (id, departure_time, arrival_time, duration, airline_code, origin_airport_code, destination_airport_code, price, seat_count) VALUES (142, '2025-10-31 14:13:00', '2025-10-31 18:13:00', 240, 'KLM', 'AMS', 'IST', 364.55, 126);
INSERT INTO FLIGHT (id, departure_time, arrival_time, duration, airline_code, origin_airport_code, destination_airport_code, price, seat_count) VALUES (143, '2025-11-01 23:42:00', '2025-11-02 05:42:00', 360, 'RYR', 'DUB', 'FRA', 438.38, 142);
INSERT INTO FLIGHT (id, departure_time, arrival_time, duration, airline_code, origin_airport_code, destination_airport_code, price, seat_count) VALUES (144, '2025-11-03 02:44:00', '2025-11-03 08:44:00', 360, 'THY', 'IST', 'LHR', 386.41, 159);
INSERT INTO FLIGHT (id, departure_time, arrival_time, duration, airline_code, origin_airport_code, destination_airport_code, price, seat_count) VALUES (145, '2025-11-03 11:25:00', '2025-11-03 15:25:00', 240, 'PGS', 'SAW', 'CDG', 180.20, 102);
INSERT INTO FLIGHT (id, departure_time, arrival_time, duration, airline_code, origin_airport_code, destination_airport_code, price, seat_count) VALUES (146, '2025-11-04 18:24:00', '2025-11-04 22:24:00', 240, 'AFR', 'CDG', 'AMS', 369.37, 137);
INSERT INTO FLIGHT (id, departure_time, arrival_time, duration, airline_code, origin_airport_code, destination_airport_code, price, seat_count) VALUES (147, '2025-11-05 17:01:00', '2025-11-05 21:01:00', 240, 'AFL', 'SVO', 'IST', 170.83, 148);
INSERT INTO FLIGHT (id, departure_time, arrival_time, duration, airline_code, origin_airport_code, destination_airport_code, price, seat_count) VALUES (148, '2025-11-06 15:43:00', '2025-11-06 19:43:00', 240, 'BAW', 'LHR', 'IST', 123.36, 178);
INSERT INTO FLIGHT (id, departure_time, arrival_time, duration, airline_code, origin_airport_code, destination_airport_code, price, seat_count) VALUES (149, '2025-11-07 14:13:00', '2025-11-07 18:13:00', 240, 'EZY', 'LGW', 'AMS', 396.64, 169);
INSERT INTO FLIGHT (id, departure_time, arrival_time, duration, airline_code, origin_airport_code, destination_airport_code, price, seat_count) VALUES (150, '2025-11-08 23:42:00', '2025-11-09 05:42:00', 360, 'KLM', 'AMS', 'IST', 374.33, 102);
INSERT INTO FLIGHT (id, departure_time, arrival_time, duration, airline_code, origin_airport_code, destination_airport_code, price, seat_count) VALUES (151, '2025-11-10 02:44:00', '2025-11-10 08:44:00', 360, 'RYR', 'DUB', 'FRA', 497.10, 71);
INSERT INTO FLIGHT (id, departure_time, arrival_time, duration, airline_code, origin_airport_code, destination_airport_code, price, seat_count) VALUES (152, '2025-11-10 11:25:00', '2025-11-10 15:25:00', 240, 'THY', 'IST', 'LHR', 147.27, 85);
INSERT INTO FLIGHT (id, departure_time, arrival_time, duration, airline_code, origin_airport_code, destination_airport_code, price, seat_count) VALUES (153, '2025-11-11 18:24:00', '2025-11-11 22:24:00', 240, 'PGS', 'SAW', 'CDG', 158.46, 114);
INSERT INTO FLIGHT (id, departure_time, arrival_time, duration, airline_code, origin_airport_code, destination_airport_code, price, seat_count) VALUES (154, '2025-11-12 17:01:00', '2025-11-12 21:01:00', 240, 'AFR', 'CDG', 'AMS', 170.83, 154);
INSERT INTO FLIGHT (id, departure_time, arrival_time, duration, airline_code, origin_airport_code, destination_airport_code, price, seat_count) VALUES (155, '2025-11-13 15:43:00', '2025-11-13 19:43:00', 240, 'AFL', 'SVO', 'IST', 198.81, 106);
INSERT INTO FLIGHT (id, departure_time, arrival_time, duration, airline_code, origin_airport_code, destination_airport_code, price, seat_count) VALUES (156, '2025-11-14 14:13:00', '2025-11-14 18:13:00', 240, 'BAW', 'LHR', 'IST', 450.45, 142);
INSERT INTO FLIGHT (id, departure_time, arrival_time, duration, airline_code, origin_airport_code, destination_airport_code, price, seat_count) VALUES (157, '2025-11-15 23:42:00', '2025-11-16 05:42:00', 360, 'EZY', 'LGW', 'AMS', 459.73, 118);
INSERT INTO FLIGHT (id, departure_time, arrival_time, duration, airline_code, origin_airport_code, destination_airport_code, price, seat_count) VALUES (158, '2025-11-17 02:44:00', '2025-11-17 08:44:00', 360, 'KLM', 'AMS', 'IST', 186.29, 137);
INSERT INTO FLIGHT (id, departure_time, arrival_time, duration, airline_code, origin_airport_code, destination_airport_code, price, seat_count) VALUES (159, '2025-11-17 11:25:00', '2025-11-17 15:25:00', 240, 'RYR', 'DUB', 'FRA', 151.78, 178);
INSERT INTO FLIGHT (id, departure_time, arrival_time, duration, airline_code, origin_airport_code, destination_airport_code, price, seat_count) VALUES (160, '2025-11-18 18:24:00', '2025-11-18 22:24:00', 240, 'THY', 'IST', 'LHR', 497.64, 53);
INSERT INTO FLIGHT (id, departure_time, arrival_time, duration, airline_code, origin_airport_code, destination_airport_code, price, seat_count) VALUES (161, '2025-11-19 17:01:00', '2025-11-19 21:01:00', 240, 'PGS', 'SAW', 'CDG', 496.06, 175);
INSERT INTO FLIGHT (id, departure_time, arrival_time, duration, airline_code, origin_airport_code, destination_airport_code, price, seat_count) VALUES (162, '2025-11-20 15:43:00', '2025-11-20 19:43:00', 240, 'AFR', 'CDG', 'AMS', 188.75, 177);
INSERT INTO FLIGHT (id, departure_time, arrival_time, duration, airline_code, origin_airport_code, destination_airport_code, price, seat_count) VALUES (163, '2025-11-21 14:13:00', '2025-11-21 18:13:00', 240, 'AFL', 'SVO', 'IST', 374.33, 102);
INSERT INTO FLIGHT (id, departure_time, arrival_time, duration, airline_code, origin_airport_code, destination_airport_code, price, seat_count) VALUES (164, '2025-11-22 23:42:00', '2025-11-23 05:42:00', 360, 'BAW', 'LHR', 'IST', 494.34, 137);
INSERT INTO FLIGHT (id, departure_time, arrival_time, duration, airline_code, origin_airport_code, destination_airport_code, price, seat_count) VALUES (165, '2025-11-24 02:44:00', '2025-11-24 08:44:00', 360, 'EZY', 'LGW', 'AMS', 158.48, 116);
INSERT INTO FLIGHT (id, departure_time, arrival_time, duration, airline_code, origin_airport_code, destination_airport_code, price, seat_count) VALUES (166, '2025-11-24 11:25:00', '2025-11-24 15:25:00', 240, 'KLM', 'AMS', 'IST', 382.72, 117);
INSERT INTO FLIGHT (id, departure_time, arrival_time, duration, airline_code, origin_airport_code, destination_airport_code, price, seat_count) VALUES (167, '2025-11-25 18:24:00', '2025-11-25 22:24:00', 240, 'RYR', 'DUB', 'FRA', 147.27, 98);
INSERT INTO FLIGHT (id, departure_time, arrival_time, duration, airline_code, origin_airport_code, destination_airport_code, price, seat_count) VALUES (168, '2025-11-26 17:01:00', '2025-11-26 21:01:00', 240, 'THY', 'IST', 'LHR', 494.75, 108);
INSERT INTO FLIGHT (id, departure_time, arrival_time, duration, airline_code, origin_airport_code, destination_airport_code, price, seat_count) VALUES (169, '2025-11-27 15:43:00', '2025-11-27 19:43:00', 240, 'PGS', 'SAW', 'CDG', 160.77, 106);
INSERT INTO FLIGHT (id, departure_time, arrival_time, duration, airline_code, origin_airport_code, destination_airport_code, price, seat_count) VALUES (170, '2025-11-28 14:13:00', '2025-11-28 18:13:00', 240, 'AFR', 'CDG', 'AMS', 204.30, 151);
INSERT INTO FLIGHT (id, departure_time, arrival_time, duration, airline_code, origin_airport_code, destination_airport_code, price, seat_count) VALUES (171, '2025-11-29 23:42:00', '2025-11-30 05:42:00', 360, 'AFL', 'SVO', 'IST', 413.78, 172);
INSERT INTO FLIGHT (id, departure_time, arrival_time, duration, airline_code, origin_airport_code, destination_airport_code, price, seat_count) VALUES (172, '2025-12-01 02:44:00', '2025-12-01 08:44:00', 360, 'BAW', 'LHR', 'IST', 364.55, 126);
INSERT INTO FLIGHT (id, departure_time, arrival_time, duration, airline_code, origin_airport_code, destination_airport_code, price, seat_count) VALUES (173, '2025-12-01 11:25:00', '2025-12-01 15:25:00', 240, 'EZY', 'LGW', 'AMS', 438.38, 142);
INSERT INTO FLIGHT (id, departure_time, arrival_time, duration, airline_code, origin_airport_code, destination_airport_code, price, seat_count) VALUES (174, '2025-12-02 18:24:00', '2025-12-02 22:24:00', 240, 'KLM', 'AMS', 'IST', 386.41, 159);
INSERT INTO FLIGHT (id, departure_time, arrival_time, duration, airline_code, origin_airport_code, destination_airport_code, price, seat_count) VALUES (175, '2025-12-03 17:01:00', '2025-12-03 21:01:00', 240, 'RYR', 'DUB', 'FRA', 180.20, 102);
INSERT INTO FLIGHT (id, departure_time, arrival_time, duration, airline_code, origin_airport_code, destination_airport_code, price, seat_count) VALUES (176, '2025-12-04 15:43:00', '2025-12-04 19:43:00', 240, 'THY', 'IST', 'LHR', 369.37, 137);
INSERT INTO FLIGHT (id, departure_time, arrival_time, duration, airline_code, origin_airport_code, destination_airport_code, price, seat_count) VALUES (177, '2025-12-05 14:13:00', '2025-12-05 18:13:00', 240, 'PGS', 'SAW', 'CDG', 170.83, 148);
INSERT INTO FLIGHT (id, departure_time, arrival_time, duration, airline_code, origin_airport_code, destination_airport_code, price, seat_count) VALUES (178, '2025-12-06 23:42:00', '2025-12-07 05:42:00', 360, 'AFR', 'CDG', 'AMS', 123.36, 178);
INSERT INTO FLIGHT (id, departure_time, arrival_time, duration, airline_code, origin_airport_code, destination_airport_code, price, seat_count) VALUES (179, '2025-12-08 02:44:00', '2025-12-08 08:44:00', 360, 'AFL', 'SVO', 'IST', 396.64, 169);
INSERT INTO FLIGHT (id, departure_time, arrival_time, duration, airline_code, origin_airport_code, destination_airport_code, price, seat_count) VALUES (180, '2025-12-08 11:25:00', '2025-12-08 15:25:00', 240, 'BAW', 'LHR', 'IST', 374.33, 102);
INSERT INTO FLIGHT (id, departure_time, arrival_time, duration, airline_code, origin_airport_code, destination_airport_code, price, seat_count) VALUES (181, '2025-12-09 18:24:00', '2025-12-09 22:24:00', 240, 'EZY', 'LGW', 'AMS', 497.10, 71);
INSERT INTO FLIGHT (id, departure_time, arrival_time, duration, airline_code, origin_airport_code, destination_airport_code, price, seat_count) VALUES (182, '2025-12-10 17:01:00', '2025-12-10 21:01:00', 240, 'KLM', 'AMS', 'IST', 147.27, 85);
INSERT INTO FLIGHT (id, departure_time, arrival_time, duration, airline_code, origin_airport_code, destination_airport_code, price, seat_count) VALUES (183, '2025-12-11 15:43:00', '2025-12-11 19:43:00', 240, 'RYR', 'DUB', 'FRA', 158.46, 114);
INSERT INTO FLIGHT (id, departure_time, arrival_time, duration, airline_code, origin_airport_code, destination_airport_code, price, seat_count) VALUES (184, '2025-12-12 14:13:00', '2025-12-12 18:13:00', 240, 'THY', 'IST', 'LHR', 170.83, 154);
INSERT INTO FLIGHT (id, departure_time, arrival_time, duration, airline_code, origin_airport_code, destination_airport_code, price, seat_count) VALUES (185, '2025-12-13 23:42:00', '2025-12-14 05:42:00', 360, 'PGS', 'SAW', 'CDG', 198.81, 106);
INSERT INTO FLIGHT (id, departure_time, arrival_time, duration, airline_code, origin_airport_code, destination_airport_code, price, seat_count) VALUES (186, '2025-12-15 02:44:00', '2025-12-15 08:44:00', 360, 'AFR', 'CDG', 'AMS', 450.45, 142);
INSERT INTO FLIGHT (id, departure_time, arrival_time, duration, airline_code, origin_airport_code, destination_airport_code, price, seat_count) VALUES (187, '2025-12-15 11:25:00', '2025-12-15 15:25:00', 240, 'AFL', 'SVO', 'IST', 459.73, 118);
INSERT INTO FLIGHT (id, departure_time, arrival_time, duration, airline_code, origin_airport_code, destination_airport_code, price, seat_count) VALUES (188, '2025-12-16 18:24:00', '2025-12-16 22:24:00', 240, 'BAW', 'LHR', 'IST', 186.29, 137);
INSERT INTO FLIGHT (id, departure_time, arrival_time, duration, airline_code, origin_airport_code, destination_airport_code, price, seat_count) VALUES (189, '2025-12-17 17:01:00', '2025-12-17 21:01:00', 240, 'EZY', 'LGW', 'AMS', 151.78, 178);
INSERT INTO FLIGHT (id, departure_time, arrival_time, duration, airline_code, origin_airport_code, destination_airport_code, price, seat_count) VALUES (190, '2025-12-18 15:43:00', '2025-12-18 19:43:00', 240, 'KLM', 'AMS', 'IST', 497.64, 53);
INSERT INTO FLIGHT (id, departure_time, arrival_time, duration, airline_code, origin_airport_code, destination_airport_code, price, seat_count) VALUES (191, '2025-12-19 14:13:00', '2025-12-19 18:13:00', 240, 'RYR', 'DUB', 'FRA', 496.06, 175);
INSERT INTO FLIGHT (id, departure_time, arrival_time, duration, airline_code, origin_airport_code, destination_airport_code, price, seat_count) VALUES (192, '2025-12-20 23:42:00', '2025-12-21 05:42:00', 360, 'THY', 'IST', 'LHR', 188.75, 177);
INSERT INTO FLIGHT (id, departure_time, arrival_time, duration, airline_code, origin_airport_code, destination_airport_code, price, seat_count) VALUES (193, '2025-12-22 02:44:00', '2025-12-22 08:44:00', 360, 'PGS', 'SAW', 'CDG', 374.33, 102);
INSERT INTO FLIGHT (id, departure_time, arrival_time, duration, airline_code, origin_airport_code, destination_airport_code, price, seat_count) VALUES (194, '2025-12-22 11:25:00', '2025-12-22 15:25:00', 240, 'AFR', 'CDG', 'AMS', 494.34, 137);
INSERT INTO FLIGHT (id, departure_time, arrival_time, duration, airline_code, origin_airport_code, destination_airport_code, price, seat_count) VALUES (195, '2025-12-23 18:24:00', '2025-12-23 22:24:00', 240, 'AFL', 'SVO', 'IST', 158.48, 116);
INSERT INTO FLIGHT (id, departure_time, arrival_time, duration, airline_code, origin_airport_code, destination_airport_code, price, seat_count) VALUES (196, '2025-12-24 17:01:00', '2025-12-24 21:01:00', 240, 'BAW', 'LHR', 'IST', 382.72, 117);
INSERT INTO FLIGHT (id, departure_time, arrival_time, duration, airline_code, origin_airport_code, destination_airport_code, price, seat_count) VALUES (197, '2025-12-25 15:43:00', '2025-12-25 19:43:00', 240, 'EZY', 'LGW', 'AMS', 147.27, 98);
INSERT INTO FLIGHT (id, departure_time, arrival_time, duration, airline_code, origin_airport_code, destination_airport_code, price, seat_count) VALUES (198, '2025-12-26 14:13:00', '2025-12-26 18:13:00', 240, 'KLM', 'AMS', 'IST', 494.75, 108);
INSERT INTO FLIGHT (id, departure_time, arrival_time, duration, airline_code, origin_airport_code, destination_airport_code, price, seat_count) VALUES (199, '2025-12-27 23:42:00', '2025-12-28 05:42:00', 360, 'RYR', 'DUB', 'FRA', 160.77, 106);
INSERT INTO FLIGHT (id, departure_time, arrival_time, duration, airline_code, origin_airport_code, destination_airport_code, price, seat_count) VALUES (200, '2025-12-29 02:44:00', '2025-12-29 08:44:00', 360, 'THY', 'IST', 'LHR', 204.30, 151);
INSERT INTO FLIGHT (id, departure_time, arrival_time, duration, airline_code, origin_airport_code, destination_airport_code, price, seat_count) VALUES (201, '2025-12-29 11:25:00', '2025-12-29 15:25:00', 240, 'PGS', 'SAW', 'CDG', 413.78, 172);
INSERT INTO FLIGHT (id, departure_time, arrival_time, duration, airline_code, origin_airport_code, destination_airport_code, price, seat_count) VALUES (202, '2025-12-30 18:24:00', '2025-12-30 22:24:00', 240, 'AFR', 'CDG', 'AMS', 364.55, 126);
INSERT INTO FLIGHT (id, departure_time, arrival_time, duration, airline_code, origin_airport_code, destination_airport_code, price, seat_count) VALUES (203, '2025-12-31 17:01:00', '2025-12-31 21:01:00', 240, 'AFL', 'SVO', 'IST', 438.38, 142);
INSERT INTO FLIGHT (id, departure_time, arrival_time, duration, airline_code, origin_airport_code, destination_airport_code, price, seat_count) VALUES (204, '2026-01-01 15:43:00', '2026-01-01 19:43:00', 240, 'BAW', 'LHR', 'IST', 386.41, 159);
INSERT INTO FLIGHT (id, departure_time, arrival_time, duration, airline_code, origin_airport_code, destination_airport_code, price, seat_count) VALUES (205, '2026-01-02 14:13:00', '2026-01-02 18:13:00', 240, 'EZY', 'LGW', 'AMS', 180.20, 102);
INSERT INTO FLIGHT (id, departure_time, arrival_time, duration, airline_code, origin_airport_code, destination_airport_code, price, seat_count) VALUES (206, '2026-01-03 23:42:00', '2026-01-04 05:42:00', 360, 'KLM', 'AMS', 'IST', 369.37, 137);
INSERT INTO FLIGHT (id, departure_time, arrival_time, duration, airline_code, origin_airport_code, destination_airport_code, price, seat_count) VALUES (207, '2026-01-05 02:44:00', '2026-01-05 08:44:00', 360, 'RYR', 'DUB', 'FRA', 170.83, 148);
INSERT INTO FLIGHT (id, departure_time, arrival_time, duration, airline_code, origin_airport_code, destination_airport_code, price, seat_count) VALUES (208, '2026-01-05 11:25:00', '2026-01-05 15:25:00', 240, 'THY', 'IST', 'LHR', 123.36, 178);
INSERT INTO FLIGHT (id, departure_time, arrival_time, duration, airline_code, origin_airport_code, destination_airport_code, price, seat_count) VALUES (209, '2026-01-06 18:24:00', '2026-01-06 22:24:00', 240, 'PGS', 'SAW', 'CDG', 396.64, 169);
INSERT INTO FLIGHT (id, departure_time, arrival_time, duration, airline_code, origin_airport_code, destination_airport_code, price, seat_count) VALUES (210, '2026-01-07 17:01:00', '2026-01-07 21:01:00', 240, 'AFR', 'CDG', 'AMS', 374.33, 102);
INSERT INTO FLIGHT (id, departure_time, arrival_time, duration, airline_code, origin_airport_code, destination_airport_code, price, seat_count) VALUES (211, '2026-01-08 15:43:00', '2026-01-08 19:43:00', 240, 'AFL', 'SVO', 'IST', 497.10, 71);
INSERT INTO FLIGHT (id, departure_time, arrival_time, duration, airline_code, origin_airport_code, destination_airport_code, price, seat_count) VALUES (212, '2026-01-09 14:13:00', '2026-01-09 18:13:00', 240, 'BAW', 'LHR', 'IST', 147.27, 85);
INSERT INTO FLIGHT (id, departure_time, arrival_time, duration, airline_code, origin_airport_code, destination_airport_code, price, seat_count) VALUES (213, '2026-01-10 23:42:00', '2026-01-11 05:42:00', 360, 'EZY', 'LGW', 'AMS', 158.46, 114);
INSERT INTO FLIGHT (id, departure_time, arrival_time, duration, airline_code, origin_airport_code, destination_airport_code, price, seat_count) VALUES (214, '2026-01-12 02:44:00', '2026-01-12 08:44:00', 360, 'KLM', 'AMS', 'IST', 170.83, 154);
INSERT INTO FLIGHT (id, departure_time, arrival_time, duration, airline_code, origin_airport_code, destination_airport_code, price, seat_count) VALUES (215, '2026-01-12 11:25:00', '2026-01-12 15:25:00', 240, 'RYR', 'DUB', 'FRA', 198.81, 106);
INSERT INTO FLIGHT (id, departure_time, arrival_time, duration, airline_code, origin_airport_code, destination_airport_code, price, seat_count) VALUES (216, '2026-01-13 18:24:00', '2026-01-13 22:24:00', 240, 'THY', 'IST', 'LHR', 450.45, 142);
INSERT INTO FLIGHT (id, departure_time, arrival_time, duration, airline_code, origin_airport_code, destination_airport_code, price, seat_count) VALUES (217, '2026-01-14 17:01:00', '2026-01-14 21:01:00', 240, 'PGS', 'SAW', 'CDG', 459.73, 118);
INSERT INTO FLIGHT (id, departure_time, arrival_time, duration, airline_code, origin_airport_code, destination_airport_code, price, seat_count) VALUES (218, '2026-01-15 15:43:00', '2026-01-15 19:43:00', 240, 'AFR', 'CDG', 'AMS', 186.29, 137);
INSERT INTO FLIGHT (id, departure_time, arrival_time, duration, airline_code, origin_airport_code, destination_airport_code, price, seat_count) VALUES (219, '2026-01-16 14:13:00', '2026-01-16 18:13:00', 240, 'AFL', 'SVO', 'IST', 151.78, 178);
INSERT INTO FLIGHT (id, departure_time, arrival_time, duration, airline_code, origin_airport_code, destination_airport_code, price, seat_count) VALUES (220, '2026-01-17 23:42:00', '2026-01-18 05:42:00', 360, 'BAW', 'LHR', 'IST', 497.64, 53);
INSERT INTO FLIGHT (id, departure_time, arrival_time, duration, airline_code, origin_airport_code, destination_airport_code, price, seat_count) VALUES (221, '2026-01-19 02:44:00', '2026-01-19 08:44:00', 360, 'EZY', 'LGW', 'AMS', 496.06, 175);
INSERT INTO FLIGHT (id, departure_time, arrival_time, duration, airline_code, origin_airport_code, destination_airport_code, price, seat_count) VALUES (222, '2026-01-19 11:25:00', '2026-01-19 15:25:00', 240, 'KLM', 'AMS', 'IST', 188.75, 177);
INSERT INTO FLIGHT (id, departure_time, arrival_time, duration, airline_code, origin_airport_code, destination_airport_code, price, seat_count) VALUES (223, '2026-01-20 18:24:00', '2026-01-20 22:24:00', 240, 'RYR', 'DUB', 'FRA', 374.33, 102);
INSERT INTO FLIGHT (id, departure_time, arrival_time, duration, airline_code, origin_airport_code, destination_airport_code, price, seat_count) VALUES (224, '2026-01-21 17:01:00', '2026-01-21 21:01:00', 240, 'THY', 'IST', 'LHR', 494.34, 137);
INSERT INTO FLIGHT (id, departure_time, arrival_time, duration, airline_code, origin_airport_code, destination_airport_code, price, seat_count) VALUES (225, '2026-01-22 15:43:00', '2026-01-22 19:43:00', 240, 'PGS', 'SAW', 'CDG', 158.48, 116);
INSERT INTO FLIGHT (id, departure_time, arrival_time, duration, airline_code, origin_airport_code, destination_airport_code, price, seat_count) VALUES (226, '2026-01-23 14:13:00', '2026-01-23 18:13:00', 240, 'AFR', 'CDG', 'AMS', 382.72, 117);
INSERT INTO FLIGHT (id, departure_time, arrival_time, duration, airline_code, origin_airport_code, destination_airport_code, price, seat_count) VALUES (227, '2026-01-24 23:42:00', '2026-01-25 05:42:00', 360, 'AFL', 'SVO', 'IST', 147.27, 98);
INSERT INTO FLIGHT (id, departure_time, arrival_time, duration, airline_code, origin_airport_code, destination_airport_code, price, seat_count) VALUES (228, '2026-01-26 02:44:00', '2026-01-26 08:44:00', 360, 'BAW', 'LHR', 'IST', 494.75, 108);
INSERT INTO FLIGHT (id, departure_time, arrival_time, duration, airline_code, origin_airport_code, destination_airport_code, price, seat_count) VALUES (229, '2026-01-26 11:25:00', '2026-01-26 15:25:00', 240, 'EZY', 'LGW', 'AMS', 160.77, 106);
INSERT INTO FLIGHT (id, departure_time, arrival_time, duration, airline_code, origin_airport_code, destination_airport_code, price, seat_count) VALUES (230, '2026-01-27 18:24:00', '2026-01-27 22:24:00', 240, 'KLM', 'AMS', 'IST', 204.30, 151);
INSERT INTO FLIGHT (id, departure_time, arrival_time, duration, airline_code, origin_airport_code, destination_airport_code, price, seat_count) VALUES (231, '2026-01-28 17:01:00', '2026-01-28 21:01:00', 240, 'RYR', 'DUB', 'FRA', 413.78, 172);
INSERT INTO FLIGHT (id, departure_time, arrival_time, duration, airline_code, origin_airport_code, destination_airport_code, price, seat_count) VALUES (232, '2026-01-29 15:43:00', '2026-01-29 19:43:00', 240, 'THY', 'IST', 'LHR', 364.55, 126);
INSERT INTO FLIGHT (id, departure_time, arrival_time, duration, airline_code, origin_airport_code, destination_airport_code, price, seat_count) VALUES (233, '2026-01-30 14:13:00', '2026-01-30 18:13:00', 240, 'PGS', 'SAW', 'CDG', 438.38, 142);
INSERT INTO FLIGHT (id, departure_time, arrival_time, duration, airline_code, origin_airport_code, destination_airport_code, price, seat_count) VALUES (234, '2026-01-31 23:42:00', '2026-02-01 05:42:00', 360, 'AFR', 'CDG', 'AMS', 386.41, 159);
INSERT INTO FLIGHT (id, departure_time, arrival_time, duration, airline_code, origin_airport_code, destination_airport_code, price, seat_count) VALUES (235, '2026-02-02 02:44:00', '2026-02-02 08:44:00', 360, 'AFL', 'SVO', 'IST', 180.20, 102);
INSERT INTO FLIGHT (id, departure_time, arrival_time, duration, airline_code, origin_airport_code, destination_airport_code, price, seat_count) VALUES (236, '2026-02-02 11:25:00', '2026-02-02 15:25:00', 240, 'BAW', 'LHR', 'IST', 369.37, 137);
INSERT INTO FLIGHT (id, departure_time, arrival_time, duration, airline_code, origin_airport_code, destination_airport_code, price, seat_count) VALUES (237, '2026-02-03 18:24:00', '2026-02-03 22:24:00', 240, 'EZY', 'LGW', 'AMS', 170.83, 148);
INSERT INTO FLIGHT (id, departure_time, arrival_time, duration, airline_code, origin_airport_code, destination_airport_code, price, seat_count) VALUES (238, '2026-02-04 17:01:00', '2026-02-04 21:01:00', 240, 'KLM', 'AMS', 'IST', 123.36, 178);
INSERT INTO FLIGHT (id, departure_time, arrival_time, duration, airline_code, origin_airport_code, destination_airport_code, price, seat_count) VALUES (239, '2026-02-05 15:43:00', '2026-02-05 19:43:00', 240, 'RYR', 'DUB', 'FRA', 396.64, 169);
INSERT INTO FLIGHT (id, departure_time, arrival_time, duration, airline_code, origin_airport_code, destination_airport_code, price, seat_count) VALUES (240, '2026-02-06 14:13:00', '2026-02-06 18:13:00', 240, 'THY', 'IST', 'LHR', 374.33, 102);
INSERT INTO FLIGHT (id, departure_time, arrival_time, duration, airline_code, origin_airport_code, destination_airport_code, price, seat_count) VALUES (241, '2026-02-07 23:42:00', '2026-02-08 05:42:00', 360, 'PGS', 'SAW', 'CDG', 497.10, 71);
INSERT INTO FLIGHT (id, departure_time, arrival_time, duration, airline_code, origin_airport_code, destination_airport_code, price, seat_count) VALUES (242, '2026-02-09 02:44:00', '2026-02-09 08:44:00', 360, 'AFR', 'CDG', 'AMS', 147.27, 85);
INSERT INTO FLIGHT (id, departure_time, arrival_time, duration, airline_code, origin_airport_code, destination_airport_code, price, seat_count) VALUES (243, '2026-02-09 11:25:00', '2026-02-09 15:25:00', 240, 'AFL', 'SVO', 'IST', 158.46, 114);
INSERT INTO FLIGHT (id, departure_time, arrival_time, duration, airline_code, origin_airport_code, destination_airport_code, price, seat_count) VALUES (244, '2026-02-10 18:24:00', '2026-02-10 22:24:00', 240, 'BAW', 'LHR', 'IST', 170.83, 154);
INSERT INTO FLIGHT (id, departure_time, arrival_time, duration, airline_code, origin_airport_code, destination_airport_code, price, seat_count) VALUES (245, '2026-02-11 17:01:00', '2026-02-11 21:01:00', 240, 'EZY', 'LGW', 'AMS', 198.81, 106);
INSERT INTO FLIGHT (id, departure_time, arrival_time, duration, airline_code, origin_airport_code, destination_airport_code, price, seat_count) VALUES (246, '2026-02-12 15:43:00', '2026-02-12 19:43:00', 240, 'KLM', 'AMS', 'IST', 450.45, 142);
INSERT INTO FLIGHT (id, departure_time, arrival_time, duration, airline_code, origin_airport_code, destination_airport_code, price, seat_count) VALUES (247, '2026-02-13 14:13:00', '2026-02-13 18:13:00', 240, 'RYR', 'DUB', 'FRA', 459.73, 118);
INSERT INTO FLIGHT (id, departure_time, arrival_time, duration, airline_code, origin_airport_code, destination_airport_code, price, seat_count) VALUES (248, '2026-02-14 23:42:00', '2026-02-15 05:42:00', 360, 'THY', 'IST', 'LHR', 186.29, 137);
INSERT INTO FLIGHT (id, departure_time, arrival_time, duration, airline_code, origin_airport_code, destination_airport_code, price, seat_count) VALUES (249, '2026-02-16 02:44:00', '2026-02-16 08:44:00', 360, 'PGS', 'SAW', 'CDG', 151.78, 178);
INSERT INTO FLIGHT (id, departure_time, arrival_time, duration, airline_code, origin_airport_code, destination_airport_code, price, seat_count) VALUES (250, '2026-02-16 11:25:00', '2026-02-16 15:25:00', 240, 'AFR', 'CDG', 'AMS', 497.64, 53);
INSERT INTO FLIGHT (id, departure_time, arrival_time, duration, airline_code, origin_airport_code, destination_airport_code, price, seat_count) VALUES (251, '2026-02-17 18:24:00', '2026-02-17 22:24:00', 240, 'AFL', 'SVO', 'IST', 496.06, 175);
INSERT INTO FLIGHT (id, departure_time, arrival_time, duration, airline_code, origin_airport_code, destination_airport_code, price, seat_count) VALUES (252, '2026-02-18 17:01:00', '2026-02-18 21:01:00', 240, 'BAW', 'LHR', 'IST', 188.75, 177);
INSERT INTO FLIGHT (id, departure_time, arrival_time, duration, airline_code, origin_airport_code, destination_airport_code, price, seat_count) VALUES (253, '2026-02-19 15:43:00', '2026-02-19 19:43:00', 240, 'EZY', 'LGW', 'AMS', 374.33, 102);
INSERT INTO FLIGHT (id, departure_time, arrival_time, duration, airline_code, origin_airport_code, destination_airport_code, price, seat_count) VALUES (254, '2026-02-20 14:13:00', '2026-02-20 18:13:00', 240, 'KLM', 'AMS', 'IST', 494.34, 137);
INSERT INTO FLIGHT (id, departure_time, arrival_time, duration, airline_code, origin_airport_code, destination_airport_code, price, seat_count) VALUES (255, '2026-02-21 23:42:00', '2026-02-22 05:42:00', 360, 'RYR', 'DUB', 'FRA', 158.48, 116);
INSERT INTO FLIGHT (id, departure_time, arrival_time, duration, airline_code, origin_airport_code, destination_airport_code, price, seat_count) VALUES (256, '2026-02-23 02:44:00', '2026-02-23 08:44:00', 360, 'THY', 'IST', 'LHR', 382.72, 117);
INSERT INTO FLIGHT (id, departure_time, arrival_time, duration, airline_code, origin_airport_code, destination_airport_code, price, seat_count) VALUES (257, '2026-02-23 11:25:00', '2026-02-23 15:25:00', 240, 'PGS', 'SAW', 'CDG', 147.27, 98);
INSERT INTO FLIGHT (id, departure_time, arrival_time, duration, airline_code, origin_airport_code, destination_airport_code, price, seat_count) VALUES (258, '2026-02-24 18:24:00', '2026-02-24 22:24:00', 240, 'AFR', 'CDG', 'AMS', 494.75, 108);
INSERT INTO FLIGHT (id, departure_time, arrival_time, duration, airline_code, origin_airport_code, destination_airport_code, price, seat_count) VALUES (259, '2026-02-25 17:01:00', '2026-02-25 21:01:00', 240, 'AFL', 'SVO', 'IST', 160.77, 106);
INSERT INTO FLIGHT (id, departure_time, arrival_time, duration, airline_code, origin_airport_code, destination_airport_code, price, seat_count) VALUES (260, '2026-02-26 15:43:00', '2026-02-26 19:43:00', 240, 'BAW', 'LHR', 'IST', 204.30, 151);
ALTER TABLE FLIGHT ALTER COLUMN id RESTART WITH 261;