-- Insert Airlines
INSERT INTO AIRLINE (code, name) VALUES ('THY', 'Turkish Airlines');
INSERT INTO AIRLINE (code, name) VALUES ('PGS', 'Pegasus Airlines');
INSERT INTO AIRLINE (code, name) VALUES ('EZY', 'EasyJet');
INSERT INTO AIRLINE (code, name) VALUES ('RYR', 'Ryanair');
INSERT INTO AIRLINE (code, name) VALUES ('BAW', 'British Airways');
INSERT INTO AIRLINE (code, name) VALUES ('AFL', 'Aeroflot');
INSERT INTO AIRLINE (code, name) VALUES ('DLH', 'Lufthansa');
INSERT INTO AIRLINE (code, name) VALUES ('AFR', 'Air France');
INSERT INTO AIRLINE (code, name) VALUES ('KLM', 'KLM Royal Dutch');

-- Insert Airports
INSERT INTO AIRPORT (code, name, city, country, latitude, longitude) VALUES ('IST', 'Istanbul Airport', 'Istanbul', 'Turkey', 41.2753, 28.7519);
INSERT INTO AIRPORT (code, name, city, country, latitude, longitude) VALUES ('SAW', 'Sabiha Gokcen Airport', 'Istanbul', 'Turkey', 40.8983, 29.3092);
INSERT INTO AIRPORT (code, name, city, country, latitude, longitude) VALUES ('LHR', 'London Heathrow', 'London', 'United Kingdom', 51.4700, -0.4543);
INSERT INTO AIRPORT (code, name, city, country, latitude, longitude) VALUES ('CDG', 'Charles de Gaulle', 'Paris', 'France', 49.0097, 2.5479);
INSERT INTO AIRPORT (code, name, city, country, latitude, longitude) VALUES ('AMS', 'Amsterdam Schiphol', 'Amsterdam', 'Netherlands', 52.3105, 4.7683);
INSERT INTO AIRPORT (code, name, city, country, latitude, longitude) VALUES ('FRA', 'Frankfurt Airport', 'Frankfurt', 'Germany', 50.0379, 8.5622);
INSERT INTO AIRPORT (code, name, city, country, latitude, longitude) VALUES ('SVO', 'Sheremetyevo Intl', 'Moscow', 'Russia', 55.9736, 37.4125);
INSERT INTO AIRPORT (code, name, city, country, latitude, longitude) VALUES ('JFK', 'John F. Kennedy Intl', 'New York', 'United States', 40.6413, -73.7781);
INSERT INTO AIRPORT (code, name, city, country, latitude, longitude) VALUES ('DUB', 'Dublin Airport', 'Dublin', 'Ireland', 53.4264, -6.2499);
INSERT INTO AIRPORT (code, name, city, country, latitude, longitude) VALUES ('LGW', 'London Gatwick', 'London', 'United Kingdom', 51.1537, -0.1821);

-- Insert Users with BCrypt hashed passwords
INSERT INTO APP_USER (username, password, first_name, last_name, email, role) VALUES ('user1', '$2y$12$zkiAcfx1qwgxVPxKTbzbl.j7u9wfrUtyfjO/e4u414mZMDmimcrtG', 'John', 'Doe', 'user1@example.com', 'ROLE_USER');
INSERT INTO APP_USER (username, password, first_name, last_name, email, role) VALUES ('admin1', '$2y$12$mr/xmdBFqZJKe79x6WNGruc9qx9xTV8x0HRsGtIzfaIg6xl3GACG', 'Jane', 'Smith', 'admin1@example.com', 'ROLE_ADMIN');
INSERT INTO APP_USER (username, password, first_name, last_name, email, role) VALUES ('user2', '$2y$12$Xwx.qGQe7Vupvre70r1OU.n3757uBzI0zrwVbbtShLpyDUzvbgnue', 'Peter', 'Jones', 'user2@example.com', 'ROLE_USER');
INSERT INTO APP_USER (username, password, first_name, last_name, email, role) VALUES ('user3', '$2y$12$sG/BXQwdLwNTWCL8NoxhPuOnt2lXqhgX64DBSeW4h5r8oPjNegnee', 'Alice', 'Williams', 'user3@example.com', 'ROLE_USER');
INSERT INTO APP_USER (username, password, first_name, last_name, email, role) VALUES ('admin2', '$2y$12$zNf7czeuW4Nff7rrsDBt9.Thh1l9SM9dNwWaeEchCnQuMHNRdM3Z.', 'Bob', 'Brown', 'admin2@example.com', 'ROLE_ADMIN');
INSERT INTO APP_USER (username, password, first_name, last_name, email, role, airline_code) VALUES ('staff1', '$2y$12$svLcCLqA/ZFrkjr4RGGRg.vG6t7mdf.dyz.hLUjv.CCFNPBy1Gxc.', 'Ayşe', 'Yılmaz', 'staff1@example.com', 'ROLE_AIRLINE_STAFF', 'THY');
INSERT INTO APP_USER (username, password, first_name, last_name, email, role) VALUES ('user4', '$2y$12$wmxhO8axePI7R4oweApq9e6roXcSZB3aPu4jB2FvBXOBfYVMESUla', 'Charlie', 'Davis', 'user4@example.com', 'ROLE_USER');
INSERT INTO APP_USER (username, password, first_name, last_name, email, role) VALUES ('user5', '$2y$12$CIFZ1.lxBYbN1.yXLAkane9tF09vhI88H5sF0pUcFGdyyDDAApKmi', 'Diana', 'Miller', 'user5@example.com', 'ROLE_USER');
INSERT INTO APP_USER (username, password, first_name, last_name, email, role) VALUES ('admin3', '$2y$12$AKBMh07xI5PH.X9FzIrDTOafLFzL.MF444ChpZnioNV0WnUy9xzjS', 'Eve', 'Wilson', 'admin3@example.com', 'ROLE_ADMIN');
INSERT INTO APP_USER (username, password, first_name, last_name, email, role) VALUES ('user6', '$2y$12$W0htFDH09d5ajinx8zjeSOBZHEnkuPyAX3w0ktehVfrEnAcB8pzmO', 'Frank', 'Moore', 'user6@example.com', 'ROLE_USER');

-- Insert Flights
INSERT INTO FLIGHT (id, departure_time, arrival_time, duration, airline_code, origin_airport_code, destination_airport_code) VALUES (1, '2025-09-17 00:09:00', '2025-09-17 03:09:00', 180, 'THY', 'IST', 'SAW');
INSERT INTO FLIGHT (id, departure_time, arrival_time, duration, airline_code, origin_airport_code, destination_airport_code) VALUES (2, '2025-07-28 20:31:00', '2025-07-28 23:31:00', 180, 'THY', 'IST', 'SAW');
INSERT INTO FLIGHT (id, departure_time, arrival_time, duration, airline_code, origin_airport_code, destination_airport_code) VALUES (3, '2025-06-25 15:46:00', '2025-06-25 18:46:00', 180, 'THY', 'IST', 'SAW');
INSERT INTO FLIGHT (id, departure_time, arrival_time, duration, airline_code, origin_airport_code, destination_airport_code) VALUES (4, '2025-07-23 09:37:00', '2025-07-23 12:37:00', 180, 'THY', 'IST', 'SAW');
INSERT INTO FLIGHT (id, departure_time, arrival_time, duration, airline_code, origin_airport_code, destination_airport_code) VALUES (5, '2025-07-06 05:43:00', '2025-07-06 08:43:00', 180, 'THY', 'IST', 'SAW');
INSERT INTO FLIGHT (id, departure_time, arrival_time, duration, airline_code, origin_airport_code, destination_airport_code) VALUES (6, '2025-09-02 18:14:00', '2025-09-02 21:14:00', 180, 'THY', 'IST', 'SAW');
INSERT INTO FLIGHT (id, departure_time, arrival_time, duration, airline_code, origin_airport_code, destination_airport_code) VALUES (7, '2026-01-26 13:46:00', '2026-01-26 16:46:00', 180, 'THY', 'IST', 'SAW');
INSERT INTO FLIGHT (id, departure_time, arrival_time, duration, airline_code, origin_airport_code, destination_airport_code) VALUES (8, '2025-10-18 23:25:00', '2025-10-19 02:25:00', 180, 'THY', 'IST', 'SAW');
INSERT INTO FLIGHT (id, departure_time, arrival_time, duration, airline_code, origin_airport_code, destination_airport_code) VALUES (9, '2025-07-16 00:03:00', '2025-07-16 03:03:00', 180, 'THY', 'IST', 'SAW');
INSERT INTO FLIGHT (id, departure_time, arrival_time, duration, airline_code, origin_airport_code, destination_airport_code) VALUES (10, '2025-07-19 05:24:00', '2025-07-19 08:24:00', 180, 'THY', 'IST', 'SAW');
INSERT INTO FLIGHT (id, departure_time, arrival_time, duration, airline_code, origin_airport_code, destination_airport_code) VALUES (11, '2025-09-24 16:21:00', '2025-09-24 19:21:00', 180, 'THY', 'IST', 'LHR');
INSERT INTO FLIGHT (id, departure_time, arrival_time, duration, airline_code, origin_airport_code, destination_airport_code) VALUES (12, '2025-06-25 15:45:00', '2025-06-25 18:45:00', 180, 'THY', 'IST', 'LHR');
INSERT INTO FLIGHT (id, departure_time, arrival_time, duration, airline_code, origin_airport_code, destination_airport_code) VALUES (13, '2025-09-15 15:05:00', '2025-09-15 18:05:00', 180, 'THY', 'IST', 'LHR');
INSERT INTO FLIGHT (id, departure_time, arrival_time, duration, airline_code, origin_airport_code, destination_airport_code) VALUES (14, '2025-07-28 01:21:00', '2025-07-28 04:21:00', 180, 'THY', 'IST', 'LHR');
INSERT INTO FLIGHT (id, departure_time, arrival_time, duration, airline_code, origin_airport_code, destination_airport_code) VALUES (15, '2025-10-09 15:43:00', '2025-10-09 19:43:00', 240, 'THY', 'IST', 'LHR');
INSERT INTO FLIGHT (id, departure_time, arrival_time, duration, airline_code, origin_airport_code, destination_airport_code) VALUES (16, '2025-10-17 14:13:00', '2025-10-17 18:13:00', 240, 'THY', 'IST', 'LHR');
INSERT INTO FLIGHT (id, departure_time, arrival_time, duration, airline_code, origin_airport_code, destination_airport_code) VALUES (17, '2025-11-03 02:44:00', '2025-11-03 08:44:00', 360, 'THY', 'IST', 'LHR');
INSERT INTO FLIGHT (id, departure_time, arrival_time, duration, airline_code, origin_airport_code, destination_airport_code) VALUES (18, '2025-11-10 11:25:00', '2025-11-10 15:25:00', 240, 'THY', 'IST', 'LHR');
INSERT INTO FLIGHT (id, departure_time, arrival_time, duration, airline_code, origin_airport_code, destination_airport_code) VALUES (19, '2025-11-18 18:24:00', '2025-11-18 22:24:00', 240, 'THY', 'IST', 'LHR');
INSERT INTO FLIGHT (id, departure_time, arrival_time, duration, airline_code, origin_airport_code, destination_airport_code) VALUES (20, '2025-11-26 17:01:00', '2025-11-26 21:01:00', 240, 'THY', 'IST', 'LHR');
INSERT INTO FLIGHT (id, departure_time, arrival_time, duration, airline_code, origin_airport_code, destination_airport_code) VALUES (21, '2025-12-04 15:43:00', '2025-12-04 19:43:00', 240, 'THY', 'IST', 'LHR');
INSERT INTO FLIGHT (id, departure_time, arrival_time, duration, airline_code, origin_airport_code, destination_airport_code) VALUES (22, '2025-12-12 14:13:00', '2025-12-12 18:13:00', 240, 'THY', 'IST', 'LHR');
INSERT INTO FLIGHT (id, departure_time, arrival_time, duration, airline_code, origin_airport_code, destination_airport_code) VALUES (23, '2025-12-20 23:42:00', '2025-12-21 05:42:00', 360, 'THY', 'IST', 'LHR');
INSERT INTO FLIGHT (id, departure_time, arrival_time, duration, airline_code, origin_airport_code, destination_airport_code) VALUES (24, '2025-12-29 02:44:00', '2025-12-29 08:44:00', 360, 'THY', 'IST', 'LHR');
INSERT INTO FLIGHT (id, departure_time, arrival_time, duration, airline_code, origin_airport_code, destination_airport_code) VALUES (25, '2026-01-05 11:25:00', '2026-01-05 15:25:00', 240, 'THY', 'IST', 'LHR');
INSERT INTO FLIGHT (id, departure_time, arrival_time, duration, airline_code, origin_airport_code, destination_airport_code) VALUES (26, '2026-01-13 18:24:00', '2026-01-13 22:24:00', 240, 'THY', 'IST', 'LHR');
INSERT INTO FLIGHT (id, departure_time, arrival_time, duration, airline_code, origin_airport_code, destination_airport_code) VALUES (27, '2026-01-21 17:01:00', '2026-01-21 21:01:00', 240, 'THY', 'IST', 'LHR');
INSERT INTO FLIGHT (id, departure_time, arrival_time, duration, airline_code, origin_airport_code, destination_airport_code) VALUES (28, '2026-01-29 15:43:00', '2026-01-29 19:43:00', 240, 'THY', 'IST', 'LHR');
INSERT INTO FLIGHT (id, departure_time, arrival_time, duration, airline_code, origin_airport_code, destination_airport_code) VALUES (29, '2026-02-06 14:13:00', '2026-02-06 18:13:00', 240, 'THY', 'IST', 'LHR');
INSERT INTO FLIGHT (id, departure_time, arrival_time, duration, airline_code, origin_airport_code, destination_airport_code) VALUES (30, '2026-02-14 23:42:00', '2026-02-15 05:42:00', 360, 'THY', 'IST', 'LHR');
INSERT INTO FLIGHT (id, departure_time, arrival_time, duration, airline_code, origin_airport_code, destination_airport_code) VALUES (31, '2026-02-23 02:44:00', '2026-02-23 08:44:00', 360, 'THY', 'IST', 'LHR');
INSERT INTO FLIGHT (id, departure_time, arrival_time, duration, airline_code, origin_airport_code, destination_airport_code) VALUES (32, '2025-07-26 17:53:00', '2025-07-26 20:53:00', 180, 'PGS', 'IST', 'CDG');
INSERT INTO FLIGHT (id, departure_time, arrival_time, duration, airline_code, origin_airport_code, destination_airport_code) VALUES (33, '2025-08-01 10:18:00', '2025-08-01 13:18:00', 180, 'PGS', 'IST', 'CDG');
INSERT INTO FLIGHT (id, departure_time, arrival_time, duration, airline_code, origin_airport_code, destination_airport_code) VALUES (34, '2025-07-06 00:01:00', '2025-07-06 03:01:00', 180, 'THY', 'IST', 'CDG');
INSERT INTO FLIGHT (id, departure_time, arrival_time, duration, airline_code, origin_airport_code, destination_airport_code) VALUES (35, '2025-10-18 10:14:00', '2025-10-18 13:14:00', 180, 'THY', 'IST', 'CDG');
INSERT INTO FLIGHT (id, departure_time, arrival_time, duration, airline_code, origin_airport_code, destination_airport_code) VALUES (36, '2025-12-07 15:47:00', '2025-12-07 18:47:00', 180, 'PGS', 'IST', 'CDG');
INSERT INTO FLIGHT (id, departure_time, arrival_time, duration, airline_code, origin_airport_code, destination_airport_code) VALUES (37, '2025-08-14 02:43:00', '2025-08-14 05:43:00', 180, 'THY', 'IST', 'CDG');
INSERT INTO FLIGHT (id, departure_time, arrival_time, duration, airline_code, origin_airport_code, destination_airport_code) VALUES (38, '2025-07-15 13:04:00', '2025-07-15 16:04:00', 180, 'PGS', 'IST', 'CDG');
INSERT INTO FLIGHT (id, departure_time, arrival_time, duration, airline_code, origin_airport_code, destination_airport_code) VALUES (39, '2025-11-20 01:21:00', '2025-11-20 04:21:00', 180, 'PGS', 'IST', 'CDG');
INSERT INTO FLIGHT (id, departure_time, arrival_time, duration, airline_code, origin_airport_code, destination_airport_code) VALUES (40, '2026-01-20 18:00:00', '2026-01-20 21:00:00', 180, 'THY', 'IST', 'CDG');
INSERT INTO FLIGHT (id, departure_time, arrival_time, duration, airline_code, origin_airport_code, destination_airport_code) VALUES (41, '2026-01-08 00:01:00', '2026-01-08 03:01:00', 180, 'PGS', 'IST', 'CDG');
INSERT INTO FLIGHT (id, departure_time, arrival_time, duration, airline_code, origin_airport_code, destination_airport_code) VALUES (42, '2025-09-17 00:09:00', '2025-09-17 03:09:00', 180, 'THY', 'SAW', 'IST');
INSERT INTO FLIGHT (id, departure_time, arrival_time, duration, airline_code, origin_airport_code, destination_airport_code) VALUES (43, '2025-07-28 20:31:00', '2025-07-28 23:31:00', 180, 'THY', 'SAW', 'IST');
INSERT INTO FLIGHT (id, departure_time, arrival_time, duration, airline_code, origin_airport_code, destination_airport_code) VALUES (44, '2025-06-25 15:46:00', '2025-06-25 18:46:00', 180, 'THY', 'SAW', 'IST');
INSERT INTO FLIGHT (id, departure_time, arrival_time, duration, airline_code, origin_airport_code, destination_airport_code) VALUES (45, '2025-07-23 09:37:00', '2025-07-23 12:37:00', 180, 'THY', 'SAW', 'IST');
INSERT INTO FLIGHT (id, departure_time, arrival_time, duration, airline_code, origin_airport_code, destination_airport_code) VALUES (46, '2025-07-06 05:43:00', '2025-07-06 08:43:00', 180, 'THY', 'SAW', 'IST');
INSERT INTO FLIGHT (id, departure_time, arrival_time, duration, airline_code, origin_airport_code, destination_airport_code) VALUES (47, '2025-09-02 18:14:00', '2025-09-02 21:14:00', 180, 'THY', 'SAW', 'IST');
INSERT INTO FLIGHT (id, departure_time, arrival_time, duration, airline_code, origin_airport_code, destination_airport_code) VALUES (48, '2026-01-26 13:46:00', '2026-01-26 16:46:00', 180, 'THY', 'SAW', 'IST');
INSERT INTO FLIGHT (id, departure_time, arrival_time, duration, airline_code, origin_airport_code, destination_airport_code) VALUES (49, '2025-10-18 23:25:00', '2025-10-19 02:25:00', 180, 'THY', 'SAW', 'IST');
INSERT INTO FLIGHT (id, departure_time, arrival_time, duration, airline_code, origin_airport_code, destination_airport_code) VALUES (50, '2025-07-16 00:03:00', '2025-07-16 03:03:00', 180, 'THY', 'SAW', 'IST');
INSERT INTO FLIGHT (id, departure_time, arrival_time, duration, airline_code, origin_airport_code, destination_airport_code) VALUES (51, '2025-07-19 05:24:00', '2025-07-19 08:24:00', 180, 'THY', 'SAW', 'IST');
INSERT INTO FLIGHT (id, departure_time, arrival_time, duration, airline_code, origin_airport_code, destination_airport_code) VALUES (52, '2025-09-09 20:30:00', '2025-09-10 00:30:00', 240, 'BAW', 'LHR', 'SAW');
INSERT INTO FLIGHT (id, departure_time, arrival_time, duration, airline_code, origin_airport_code, destination_airport_code) VALUES (53, '2025-06-25 00:19:00', '2025-06-25 04:19:00', 240, 'BAW', 'LHR', 'SAW');
INSERT INTO FLIGHT (id, departure_time, arrival_time, duration, airline_code, origin_airport_code, destination_airport_code) VALUES (54, '2025-07-03 14:02:00', '2025-07-03 18:02:00', 240, 'BAW', 'LHR', 'SAW');
INSERT INTO FLIGHT (id, departure_time, arrival_time, duration, airline_code, origin_airport_code, destination_airport_code) VALUES (55, '2025-08-07 19:43:00', '2025-08-07 23:43:00', 240, 'BAW', 'LHR', 'SAW');
INSERT INTO FLIGHT (id, departure_time, arrival_time, duration, airline_code, origin_airport_code, destination_airport_code) VALUES (56, '2025-09-21 00:23:00', '2025-09-21 04:23:00', 240, 'BAW', 'LHR', 'SAW');
INSERT INTO FLIGHT (id, departure_time, arrival_time, duration, airline_code, origin_airport_code, destination_airport_code) VALUES (57, '2025-10-25 04:15:00', '2025-10-25 08:15:00', 240, 'BAW', 'LHR', 'SAW');
INSERT INTO FLIGHT (id, departure_time, arrival_time, duration, airline_code, origin_airport_code, destination_airport_code) VALUES (58, '2025-11-28 09:37:00', '2025-11-28 13:37:00', 240, 'BAW', 'LHR', 'SAW');
INSERT INTO FLIGHT (id, departure_time, arrival_time, duration, airline_code, origin_airport_code, destination_airport_code) VALUES (59, '2025-12-09 23:25:00', '2025-12-10 03:25:00', 240, 'BAW', 'LHR', 'SAW');
INSERT INTO FLIGHT (id, departure_time, arrival_time, duration, airline_code, origin_airport_code, destination_airport_code) VALUES (60, '2026-01-14 00:03:00', '2026-01-14 04:03:00', 240, 'BAW', 'LHR', 'SAW');
INSERT INTO FLIGHT (id, departure_time, arrival_time, duration, airline_code, origin_airport_code, destination_airport_code) VALUES (61, '2026-02-17 05:24:00', '2026-02-17 09:24:00', 240, 'BAW', 'LHR', 'SAW');
INSERT INTO FLIGHT (id, departure_time, arrival_time, duration, airline_code, origin_airport_code, destination_airport_code) VALUES (62, '2025-06-28 20:30:00', '2025-06-29 02:30:00', 360, 'BAW', 'LHR', 'IST');
INSERT INTO FLIGHT (id, departure_time, arrival_time, duration, airline_code, origin_airport_code, destination_airport_code) VALUES (63, '2025-07-06 00:19:00', '2025-07-06 06:19:00', 360, 'BAW', 'LHR', 'IST');
INSERT INTO FLIGHT (id, departure_time, arrival_time, duration, airline_code, origin_airport_code, destination_airport_code) VALUES (64, '2025-07-16 14:02:00', '2025-07-16 20:02:00', 360, 'BAW', 'LHR', 'IST');
INSERT INTO FLIGHT (id, departure_time, arrival_time, duration, airline_code, origin_airport_code, destination_airport_code) VALUES (65, '2025-07-27 19:43:00', '2025-07-28 01:43:00', 360, 'BAW', 'LHR', 'IST');
INSERT INTO FLIGHT (id, departure_time, arrival_time, duration, airline_code, origin_airport_code, destination_airport_code) VALUES (66, '2025-08-06 00:23:00', '2025-08-06 06:23:00', 360, 'BAW', 'LHR', 'IST');
INSERT INTO FLIGHT (id, departure_time, arrival_time, duration, airline_code, origin_airport_code, destination_airport_code) VALUES (67, '2025-08-16 04:15:00', '2025-08-16 10:15:00', 360, 'BAW', 'LHR', 'IST');
INSERT INTO FLIGHT (id, departure_time, arrival_time, duration, airline_code, origin_airport_code, destination_airport_code) VALUES (68, '2025-08-27 09:37:00', '2025-08-27 15:37:00', 360, 'BAW', 'LHR', 'IST');
INSERT INTO FLIGHT (id, departure_time, arrival_time, duration, airline_code, origin_airport_code, destination_airport_code) VALUES (69, '2025-09-07 23:25:00', '2025-09-08 05:25:00', 360, 'BAW', 'LHR', 'IST');
INSERT INTO FLIGHT (id, departure_time, arrival_time, duration, airline_code, origin_airport_code, destination_airport_code) VALUES (70, '2025-09-17 00:03:00', '2025-09-17 06:03:00', 360, 'BAW', 'LHR', 'IST');
INSERT INTO FLIGHT (id, departure_time, arrival_time, duration, airline_code, origin_airport_code, destination_airport_code) VALUES (71, '2025-09-27 05:24:00', '2025-09-27 11:24:00', 360, 'BAW', 'LHR', 'IST');
INSERT INTO FLIGHT (id, departure_time, arrival_time, duration, airline_code, origin_airport_code, destination_airport_code) VALUES (72, '2025-10-06 02:44:00', '2025-10-06 08:44:00', 360, 'BAW', 'LHR', 'IST');
INSERT INTO FLIGHT (id, departure_time, arrival_time, duration, airline_code, origin_airport_code, destination_airport_code) VALUES (73, '2025-10-13 11:25:00', '2025-10-13 15:25:00', 240, 'BAW', 'LHR', 'IST');
INSERT INTO FLIGHT (id, departure_time, arrival_time, duration, airline_code, origin_airport_code, destination_airport_code) VALUES (74, '2025-10-21 18:24:00', '2025-10-21 22:24:00', 240, 'BAW', 'LHR', 'IST');
INSERT INTO FLIGHT (id, departure_time, arrival_time, duration, airline_code, origin_airport_code, destination_airport_code) VALUES (75, '2025-10-29 17:01:00', '2025-10-29 21:01:00', 240, 'BAW', 'LHR', 'IST');
INSERT INTO FLIGHT (id, departure_time, arrival_time, duration, airline_code, origin_airport_code, destination_airport_code) VALUES (76, '2025-11-06 15:43:00', '2025-11-06 19:43:00', 240, 'BAW', 'LHR', 'IST');
INSERT INTO FLIGHT (id, departure_time, arrival_time, duration, airline_code, origin_airport_code, destination_airport_code) VALUES (77, '2025-11-14 14:13:00', '2025-11-14 18:13:00', 240, 'BAW', 'LHR', 'IST');
INSERT INTO FLIGHT (id, departure_time, arrival_time, duration, airline_code, origin_airport_code, destination_airport_code) VALUES (78, '2025-11-22 23:42:00', '2025-11-23 05:42:00', 360, 'BAW', 'LHR', 'IST');
INSERT INTO FLIGHT (id, departure_time, arrival_time, duration, airline_code, origin_airport_code, destination_airport_code) VALUES (79, '2025-12-01 11:25:00', '2025-12-01 15:25:00', 240, 'BAW', 'LHR', 'IST');
INSERT INTO FLIGHT (id, departure_time, arrival_time, duration, airline_code, origin_airport_code, destination_airport_code) VALUES (80, '2025-12-08 11:25:00', '2025-12-08 15:25:00', 240, 'BAW', 'LHR', 'IST');
INSERT INTO FLIGHT (id, departure_time, arrival_time, duration, airline_code, origin_airport_code, destination_airport_code) VALUES (81, '2025-12-16 18:24:00', '2025-12-16 22:24:00', 240, 'BAW', 'LHR', 'IST');
INSERT INTO FLIGHT (id, departure_time, arrival_time, duration, airline_code, origin_airport_code, destination_airport_code) VALUES (82, '2025-12-24 17:01:00', '2025-12-24 21:01:00', 240, 'BAW', 'LHR', 'IST');
INSERT INTO FLIGHT (id, departure_time, arrival_time, duration, airline_code, origin_airport_code, destination_airport_code) VALUES (83, '2026-01-01 15:43:00', '2026-01-01 19:43:00', 240, 'BAW', 'LHR', 'IST');
INSERT INTO FLIGHT (id, departure_time, arrival_time, duration, airline_code, origin_airport_code, destination_airport_code) VALUES (84, '2026-01-09 14:13:00', '2026-01-09 18:13:00', 240, 'BAW', 'LHR', 'IST');
INSERT INTO FLIGHT (id, departure_time, arrival_time, duration, airline_code, origin_airport_code, destination_airport_code) VALUES (85, '2026-01-17 23:42:00', '2026-01-18 05:42:00', 360, 'BAW', 'LHR', 'IST');
INSERT INTO FLIGHT (id, departure_time, arrival_time, duration, airline_code, origin_airport_code, destination_airport_code) VALUES (86, '2026-01-26 11:25:00', '2026-01-26 15:25:00', 240, 'BAW', 'LHR', 'IST');
INSERT INTO FLIGHT (id, departure_time, arrival_time, duration, airline_code, origin_airport_code, destination_airport_code) VALUES (87, '2026-02-02 11:25:00', '2026-02-02 15:25:00', 240, 'BAW', 'LHR', 'IST');
INSERT INTO FLIGHT (id, departure_time, arrival_time, duration, airline_code, origin_airport_code, destination_airport_code) VALUES (88, '2026-02-10 18:24:00', '2026-02-10 22:24:00', 240, 'BAW', 'LHR', 'IST');
INSERT INTO FLIGHT (id, departure_time, arrival_time, duration, airline_code, origin_airport_code, destination_airport_code) VALUES (89, '2026-02-18 17:01:00', '2026-02-18 21:01:00', 240, 'BAW', 'LHR', 'IST');
INSERT INTO FLIGHT (id, departure_time, arrival_time, duration, airline_code, origin_airport_code, destination_airport_code) VALUES (90, '2026-02-26 15:43:00', '2026-02-26 19:43:00', 240, 'BAW', 'LHR', 'IST');
INSERT INTO FLIGHT (id, departure_time, arrival_time, duration, airline_code, origin_airport_code, destination_airport_code) VALUES (91, '2025-09-09 20:30:00', '2025-09-10 00:30:00', 240, 'EZY', 'LHR', 'CDG');
INSERT INTO FLIGHT (id, departure_time, arrival_time, duration, airline_code, origin_airport_code, destination_airport_code) VALUES (92, '2025-06-25 00:19:00', '2025-06-25 04:19:00', 240, 'EZY', 'LHR', 'CDG');
INSERT INTO FLIGHT (id, departure_time, arrival_time, duration, airline_code, origin_airport_code, destination_airport_code) VALUES (93, '2025-07-03 14:02:00', '2025-07-03 18:02:00', 240, 'EZY', 'LHR', 'CDG');
INSERT INTO FLIGHT (id, departure_time, arrival_time, duration, airline_code, origin_airport_code, destination_airport_code) VALUES (94, '2025-08-07 19:43:00', '2025-08-07 23:43:00', 240, 'EZY', 'LHR', 'CDG');
INSERT INTO FLIGHT (id, departure_time, arrival_time, duration, airline_code, origin_airport_code, destination_airport_code) VALUES (95, '2025-09-21 00:23:00', '2025-09-21 04:23:00', 240, 'EZY', 'LHR', 'CDG');
INSERT INTO FLIGHT (id, departure_time, arrival_time, duration, airline_code, origin_airport_code, destination_airport_code) VALUES (96, '2025-10-25 04:15:00', '2025-10-25 08:15:00', 240, 'EZY', 'LHR', 'CDG');
INSERT INTO FLIGHT (id, departure_time, arrival_time, duration, airline_code, origin_airport_code, destination_airport_code) VALUES (97, '2025-11-28 09:37:00', '2025-11-28 13:37:00', 240, 'EZY', 'LHR', 'CDG');
INSERT INTO FLIGHT (id, departure_time, arrival_time, duration, airline_code, origin_airport_code, destination_airport_code) VALUES (98, '2025-12-09 23:25:00', '2025-12-10 03:25:00', 240, 'EZY', 'LHR', 'CDG');
INSERT INTO FLIGHT (id, departure_time, arrival_time, duration, airline_code, origin_airport_code, destination_airport_code) VALUES (99, '2026-01-14 00:03:00', '2026-01-14 04:03:00', 240, 'EZY', 'LHR', 'CDG');
INSERT INTO FLIGHT (id, departure_time, arrival_time, duration, airline_code, origin_airport_code, destination_airport_code) VALUES (100, '2026-02-17 05:24:00', '2026-02-17 09:24:00', 240, 'EZY', 'LHR', 'CDG');
INSERT INTO FLIGHT (id, departure_time, arrival_time, duration, airline_code, origin_airport_code, destination_airport_code) VALUES (101, '2025-06-03 20:30:00', '2025-06-04 00:30:00', 240, 'AFR', 'CDG', 'IST');
INSERT INTO FLIGHT (id, departure_time, arrival_time, duration, airline_code, origin_airport_code, destination_airport_code) VALUES (102, '2025-06-13 00:19:00', '2025-06-13 04:19:00', 240, 'AFR', 'CDG', 'IST');
INSERT INTO FLIGHT (id, departure_time, arrival_time, duration, airline_code, origin_airport_code, destination_airport_code) VALUES (103, '2025-07-01 14:02:00', '2025-07-01 18:02:00', 240, 'AFR', 'CDG', 'IST');
INSERT INTO FLIGHT (id, departure_time, arrival_time, duration, airline_code, origin_airport_code, destination_airport_code) VALUES (104, '2025-07-12 19:43:00', '2025-07-12 23:43:00', 240, 'AFR', 'CDG', 'IST');
INSERT INTO FLIGHT (id, departure_time, arrival_time, duration, airline_code, origin_airport_code, destination_airport_code) VALUES (105, '2025-07-22 00:23:00', '2025-07-22 04:23:00', 240, 'AFR', 'CDG', 'IST');
INSERT INTO FLIGHT (id, departure_time, arrival_time, duration, airline_code, origin_airport_code, destination_airport_code) VALUES (106, '2025-08-01 04:15:00', '2025-08-01 08:15:00', 240, 'AFR', 'CDG', 'IST');
INSERT INTO FLIGHT (id, departure_time, arrival_time, duration, airline_code, origin_airport_code, destination_airport_code) VALUES (107, '2025-08-12 09:37:00', '2025-08-12 13:37:00', 240, 'AFR', 'CDG', 'IST');
INSERT INTO FLIGHT (id, departure_time, arrival_time, duration, airline_code, origin_airport_code, destination_airport_code) VALUES (108, '2025-08-22 23:25:00', '2025-08-23 03:25:00', 240, 'AFR', 'CDG', 'IST');
INSERT INTO FLIGHT (id, departure_time, arrival_time, duration, airline_code, origin_airport_code, destination_airport_code) VALUES (109, '2025-09-02 00:03:00', '2025-09-02 04:03:00', 240, 'AFR', 'CDG', 'IST');
INSERT INTO FLIGHT (id, departure_time, arrival_time, duration, airline_code, origin_airport_code, destination_airport_code) VALUES (110, '2025-09-12 05:24:00', '2025-09-12 09:24:00', 240, 'AFR', 'CDG', 'IST');
INSERT INTO FLIGHT (id, departure_time, arrival_time, duration, airline_code, origin_airport_code, destination_airport_code) VALUES (111, '2025-09-09 18:24:00', '2025-09-09 22:24:00', 240, 'AFR', 'CDG', 'AMS');
INSERT INTO FLIGHT (id, departure_time, arrival_time, duration, airline_code, origin_airport_code, destination_airport_code) VALUES (112, '2025-09-17 17:01:00', '2025-09-17 21:01:00', 240, 'AFR', 'CDG', 'AMS');
INSERT INTO FLIGHT (id, departure_time, arrival_time, duration, airline_code, origin_airport_code, destination_airport_code) VALUES (113, '2025-09-25 15:43:00', '2025-09-25 19:43:00', 240, 'AFR', 'CDG', 'AMS');
INSERT INTO FLIGHT (id, departure_time, arrival_time, duration, airline_code, origin_airport_code, destination_airport_code) VALUES (114, '2025-10-03 14:13:00', '2025-10-03 18:13:00', 240, 'AFR', 'CDG', 'AMS');
INSERT INTO FLIGHT (id, departure_time, arrival_time, duration, airline_code, origin_airport_code, destination_airport_code) VALUES (115, '2025-10-11 23:42:00', '2025-10-12 05:42:00', 360, 'AFR', 'CDG', 'AMS');
INSERT INTO FLIGHT (id, departure_time, arrival_time, duration, airline_code, origin_airport_code, destination_airport_code) VALUES (116, '2025-10-20 02:44:00', '2025-10-20 08:44:00', 360, 'AFR', 'CDG', 'AMS');
INSERT INTO FLIGHT (id, departure_time, arrival_time, duration, airline_code, origin_airport_code, destination_airport_code) VALUES (117, '2025-10-27 11:25:00', '2025-10-27 15:25:00', 240, 'AFR', 'CDG', 'AMS');
INSERT INTO FLIGHT (id, departure_time, arrival_time, duration, airline_code, origin_airport_code, destination_airport_code) VALUES (118, '2025-11-04 18:24:00', '2025-11-04 22:24:00', 240, 'AFR', 'CDG', 'AMS');
INSERT INTO FLIGHT (id, departure_time, arrival_time, duration, airline_code, origin_airport_code, destination_airport_code) VALUES (119, '2025-11-12 17:01:00', '2025-11-12 21:01:00', 240, 'AFR', 'CDG', 'AMS');
INSERT INTO FLIGHT (id, departure_time, arrival_time, duration, airline_code, origin_airport_code, destination_airport_code) VALUES (120, '2025-11-20 15:43:00', '2025-11-20 19:43:00', 240, 'AFR', 'CDG', 'AMS');
INSERT INTO FLIGHT (id, departure_time, arrival_time, duration, airline_code, origin_airport_code, destination_airport_code) VALUES (121, '2025-11-28 14:13:00', '2025-11-28 18:13:00', 240, 'AFR', 'CDG', 'AMS');
INSERT INTO FLIGHT (id, departure_time, arrival_time, duration, airline_code, origin_airport_code, destination_airport_code) VALUES (122, '2025-12-06 23:42:00', '2025-12-07 05:42:00', 360, 'AFR', 'CDG', 'AMS');
INSERT INTO FLIGHT (id, departure_time, arrival_time, duration, airline_code, origin_airport_code, destination_airport_code) VALUES (123, '2025-12-15 02:44:00', '2025-12-15 08:44:00', 360, 'AFR', 'CDG', 'AMS');
INSERT INTO FLIGHT (id, departure_time, arrival_time, duration, airline_code, origin_airport_code, destination_airport_code) VALUES (124, '2025-12-22 11:25:00', '2025-12-22 15:25:00', 240, 'AFR', 'CDG', 'AMS');
INSERT INTO FLIGHT (id, departure_time, arrival_time, duration, airline_code, origin_airport_code, destination_airport_code) VALUES (125, '2025-12-30 18:24:00', '2025-12-30 22:24:00', 240, 'AFR', 'CDG', 'AMS');
INSERT INTO FLIGHT (id, departure_time, arrival_time, duration, airline_code, origin_airport_code, destination_airport_code) VALUES (126, '2026-01-08 15:43:00', '2026-01-08 19:43:00', 240, 'AFR', 'CDG', 'AMS');
INSERT INTO FLIGHT (id, departure_time, arrival_time, duration, airline_code, origin_airport_code, destination_airport_code) VALUES (127, '2026-01-16 14:13:00', '2026-01-16 18:13:00', 240, 'AFR', 'CDG', 'AMS');
INSERT INTO FLIGHT (id, departure_time, arrival_time, duration, airline_code, origin_airport_code, destination_airport_code) VALUES (128, '2026-01-24 23:42:00', '2026-01-25 05:42:00', 360, 'AFR', 'CDG', 'AMS');
INSERT INTO FLIGHT (id, departure_time, arrival_time, duration, airline_code, origin_airport_code, destination_airport_code) VALUES (129, '2026-02-02 02:44:00', '2026-02-02 08:44:00', 360, 'AFR', 'CDG', 'AMS');
INSERT INTO FLIGHT (id, departure_time, arrival_time, duration, airline_code, origin_airport_code, destination_airport_code) VALUES (130, '2026-02-09 11:25:00', '2026-02-09 15:25:00', 240, 'AFR', 'CDG', 'AMS');
INSERT INTO FLIGHT (id, departure_time, arrival_time, duration, airline_code, origin_airport_code, destination_airport_code) VALUES (131, '2026-02-16 11:25:00', '2026-02-16 15:25:00', 240, 'AFR', 'CDG', 'AMS');
INSERT INTO FLIGHT (id, departure_time, arrival_time, duration, airline_code, origin_airport_code, destination_airport_code) VALUES (132, '2026-02-24 18:24:00', '2026-02-24 22:24:00', 240, 'AFR', 'CDG', 'AMS');
INSERT INTO FLIGHT (id, departure_time, arrival_time, duration, airline_code, origin_airport_code, destination_airport_code) VALUES (133, '2025-06-03 20:30:00', '2025-06-04 00:30:00', 240, 'KLM', 'AMS', 'IST');
INSERT INTO FLIGHT (id, departure_time, arrival_time, duration, airline_code, origin_airport_code, destination_airport_code) VALUES (134, '2025-06-13 00:19:00', '2025-06-13 04:19:00', 240, 'KLM', 'AMS', 'IST');
INSERT INTO FLIGHT (id, departure_time, arrival_time, duration, airline_code, origin_airport_code, destination_airport_code) VALUES (135, '2025-07-01 14:02:00', '2025-07-01 18:02:00', 240, 'KLM', 'AMS', 'IST');
INSERT INTO FLIGHT (id, departure_time, arrival_time, duration, airline_code, origin_airport_code, destination_airport_code) VALUES (136, '2025-07-12 19:43:00', '2025-07-12 23:43:00', 240, 'KLM', 'AMS', 'IST');
INSERT INTO FLIGHT (id, departure_time, arrival_time, duration, airline_code, origin_airport_code, destination_airport_code) VALUES (137, '2025-07-22 00:23:00', '2025-07-22 04:23:00', 240, 'KLM', 'AMS', 'IST');
INSERT INTO FLIGHT (id, departure_time, arrival_time, duration, airline_code, origin_airport_code, destination_airport_code) VALUES (138, '2025-08-01 04:15:00', '2025-08-01 08:15:00', 240, 'KLM', 'AMS', 'IST');
INSERT INTO FLIGHT (id, departure_time, arrival_time, duration, airline_code, origin_airport_code, destination_airport_code) VALUES (139, '2025-08-12 09:37:00', '2025-08-12 13:37:00', 240, 'KLM', 'AMS', 'IST');
INSERT INTO FLIGHT (id, departure_time, arrival_time, duration, airline_code, origin_airport_code, destination_airport_code) VALUES (140, '2025-08-22 23:25:00', '2025-08-23 03:25:00', 240, 'KLM', 'AMS', 'IST');
INSERT INTO FLIGHT (id, departure_time, arrival_time, duration, airline_code, origin_airport_code, destination_airport_code) VALUES (141, '2025-09-02 00:03:00', '2025-09-02 04:03:00', 240, 'KLM', 'AMS', 'IST');
INSERT INTO FLIGHT (id, departure_time, arrival_time, duration, airline_code, origin_airport_code, destination_airport_code) VALUES (142, '2025-09-12 05:24:00', '2025-09-12 09:24:00', 240, 'KLM', 'AMS', 'IST');
INSERT INTO FLIGHT (id, departure_time, arrival_time, duration, airline_code, origin_airport_code, destination_airport_code) VALUES (143, '2025-09-13 23:42:00', '2025-09-14 05:42:00', 360, 'KLM', 'AMS', 'IST');
INSERT INTO FLIGHT (id, departure_time, arrival_time, duration, airline_code, origin_airport_code, destination_airport_code) VALUES (144, '2025-09-22 02:44:00', '2025-09-22 08:44:00', 360, 'KLM', 'AMS', 'IST');
INSERT INTO FLIGHT (id, departure_time, arrival_time, duration, airline_code, origin_airport_code, destination_airport_code) VALUES (145, '2025-09-29 11:25:00', '2025-09-29 15:25:00', 240, 'KLM', 'AMS', 'IST');
INSERT INTO FLIGHT (id, departure_time, arrival_time, duration, airline_code, origin_airport_code, destination_airport_code) VALUES (146, '2025-10-06 11:25:00', '2025-10-06 15:25:00', 240, 'KLM', 'AMS', 'IST');
INSERT INTO FLIGHT (id, departure_time, arrival_time, duration, airline_code, origin_airport_code, destination_airport_code) VALUES (147, '2025-10-15 17:01:00', '2025-10-15 21:01:00', 240, 'KLM', 'AMS', 'IST');
INSERT INTO FLIGHT (id, departure_time, arrival_time, duration, airline_code, origin_airport_code, destination_airport_code) VALUES (148, '2025-10-22 17:01:00', '2025-10-22 21:01:00', 240, 'KLM', 'AMS', 'IST');
INSERT INTO FLIGHT (id, departure_time, arrival_time, duration, airline_code, origin_airport_code, destination_airport_code) VALUES (149, '2025-10-31 14:13:00', '2025-10-31 18:13:00', 240, 'KLM', 'AMS', 'IST');
INSERT INTO FLIGHT (id, departure_time, arrival_time, duration, airline_code, origin_airport_code, destination_airport_code) VALUES (150, '2025-11-08 23:42:00', '2025-11-09 05:42:00', 360, 'KLM', 'AMS', 'IST');
INSERT INTO FLIGHT (id, departure_time, arrival_time, duration, airline_code, origin_airport_code, destination_airport_code) VALUES (151, '2025-11-17 11:25:00', '2025-11-17 15:25:00', 240, 'KLM', 'AMS', 'IST');
INSERT INTO FLIGHT (id, departure_time, arrival_time, duration, airline_code, origin_airport_code, destination_airport_code) VALUES (152, '2025-11-24 11:25:00', '2025-11-24 15:25:00', 240, 'KLM', 'AMS', 'IST');
INSERT INTO FLIGHT (id, departure_time, arrival_time, duration, airline_code, origin_airport_code, destination_airport_code) VALUES (153, '2025-12-02 18:24:00', '2025-12-02 22:24:00', 240, 'KLM', 'AMS', 'IST');
INSERT INTO FLIGHT (id, departure_time, arrival_time, duration, airline_code, origin_airport_code, destination_airport_code) VALUES (154, '2025-12-10 17:01:00', '2025-12-10 21:01:00', 240, 'KLM', 'AMS', 'IST');
INSERT INTO FLIGHT (id, departure_time, arrival_time, duration, airline_code, origin_airport_code, destination_airport_code) VALUES (155, '2025-12-18 15:43:00', '2025-12-18 19:43:00', 240, 'KLM', 'AMS', 'IST');
INSERT INTO FLIGHT (id, departure_time, arrival_time, duration, airline_code, origin_airport_code, destination_airport_code) VALUES (156, '2025-12-26 14:13:00', '2025-12-26 18:13:00', 240, 'KLM', 'AMS', 'IST');
INSERT INTO FLIGHT (id, departure_time, arrival_time, duration, airline_code, origin_airport_code, destination_airport_code) VALUES (157, '2026-01-03 23:42:00', '2026-01-04 05:42:00', 360, 'KLM', 'AMS', 'IST');
INSERT INTO FLIGHT (id, departure_time, arrival_time, duration, airline_code, origin_airport_code, destination_airport_code) VALUES (158, '2026-01-12 02:44:00', '2026-01-12 08:44:00', 360, 'KLM', 'AMS', 'IST');
INSERT INTO FLIGHT (id, departure_time, arrival_time, duration, airline_code, origin_airport_code, destination_airport_code) VALUES (159, '2026-01-19 11:25:00', '2026-01-19 15:25:00', 240, 'KLM', 'AMS', 'IST');
INSERT INTO FLIGHT (id, departure_time, arrival_time, duration, airline_code, origin_airport_code, destination_airport_code) VALUES (160, '2026-01-27 18:24:00', '2026-01-27 22:24:00', 240, 'KLM', 'AMS', 'IST');
INSERT INTO FLIGHT (id, departure_time, arrival_time, duration, airline_code, origin_airport_code, destination_airport_code) VALUES (161, '2026-02-04 17:01:00', '2026-02-04 21:01:00', 240, 'KLM', 'AMS', 'IST');
INSERT INTO FLIGHT (id, departure_time, arrival_time, duration, airline_code, origin_airport_code, destination_airport_code) VALUES (162, '2026-02-12 15:43:00', '2026-02-12 19:43:00', 240, 'KLM', 'AMS', 'IST');
INSERT INTO FLIGHT (id, departure_time, arrival_time, duration, airline_code, origin_airport_code, destination_airport_code) VALUES (163, '2026-02-20 14:13:00', '2026-02-20 18:13:00', 240, 'KLM', 'AMS', 'IST');
INSERT INTO FLIGHT (id, departure_time, arrival_time, duration, airline_code, origin_airport_code, destination_airport_code) VALUES (164, '2026-02-27 23:42:00', '2026-02-28 05:42:00', 360, 'KLM', 'AMS', 'IST');
INSERT INTO FLIGHT (id, departure_time, arrival_time, duration, airline_code, origin_airport_code, destination_airport_code) VALUES (165, '2025-06-21 03:09:00', '2025-06-21 06:09:00', 180, 'DLH', 'FRA', 'CDG');
INSERT INTO FLIGHT (id, departure_time, arrival_time, duration, airline_code, origin_airport_code, destination_airport_code) VALUES (166, '2025-06-30 00:03:00', '2025-06-30 03:03:00', 180, 'DLH', 'FRA', 'CDG');
INSERT INTO FLIGHT (id, departure_time, arrival_time, duration, airline_code, origin_airport_code, destination_airport_code) VALUES (167, '2025-07-09 05:24:00', '2025-07-09 08:24:00', 180, 'DLH', 'FRA', 'CDG');
INSERT INTO FLIGHT (id, departure_time, arrival_time, duration, airline_code, origin_airport_code, destination_airport_code) VALUES (168, '2025-07-20 18:14:00', '2025-07-20 21:14:00', 180, 'DLH', 'FRA', 'CDG');
INSERT INTO FLIGHT (id, departure_time, arrival_time, duration, airline_code, origin_airport_code, destination_airport_code) VALUES (169, '2025-08-01 13:46:00', '2025-08-01 16:46:00', 180, 'DLH', 'FRA', 'CDG');
INSERT INTO FLIGHT (id, departure_time, arrival_time, duration, airline_code, origin_airport_code, destination_airport_code) VALUES (170, '2025-08-11 23:25:00', '2025-08-12 02:25:00', 180, 'DLH', 'FRA', 'CDG');
INSERT INTO FLIGHT (id, departure_time, arrival_time, duration, airline_code, origin_airport_code, destination_airport_code) VALUES (171, '2025-08-22 05:43:00', '2025-08-22 08:43:00', 180, 'DLH', 'FRA', 'CDG');
INSERT INTO FLIGHT (id, departure_time, arrival_time, duration, airline_code, origin_airport_code, destination_airport_code) VALUES (172, '2025-09-02 00:09:00', '2025-09-02 03:09:00', 180, 'DLH', 'FRA', 'CDG');
INSERT INTO FLIGHT (id, departure_time, arrival_time, duration, airline_code, origin_airport_code, destination_airport_code) VALUES (173, '2025-09-12 20:31:00', '2025-09-12 23:31:00', 180, 'DLH', 'FRA', 'CDG');
INSERT INTO FLIGHT (id, departure_time, arrival_time, duration, airline_code, origin_airport_code, destination_airport_code) VALUES (174, '2025-09-23 15:46:00', '2025-09-23 18:46:00', 180, 'DLH', 'FRA', 'CDG');
INSERT INTO FLIGHT (id, departure_time, arrival_time, duration, airline_code, origin_airport_code, destination_airport_code) VALUES (175, '2025-10-04 09:37:00', '2025-10-04 12:37:00', 180, 'DLH', 'FRA', 'CDG');
INSERT INTO FLIGHT (id, departure_time, arrival_time, duration, airline_code, origin_airport_code, destination_airport_code) VALUES (176, '2025-10-15 00:09:00', '2025-10-15 03:09:00', 180, 'DLH', 'FRA', 'CDG');
INSERT INTO FLIGHT (id, departure_time, arrival_time, duration, airline_code, origin_airport_code, destination_airport_code) VALUES (177, '2025-10-25 20:31:00', '2025-10-25 23:31:00', 180, 'DLH', 'FRA', 'CDG');
INSERT INTO FLIGHT (id, departure_time, arrival_time, duration, airline_code, origin_airport_code, destination_airport_code) VALUES (178, '2025-11-05 15:46:00', '2025-11-05 18:46:00', 180, 'DLH', 'FRA', 'CDG');
INSERT INTO FLIGHT (id, departure_time, arrival_time, duration, airline_code, origin_airport_code, destination_airport_code) VALUES (179, '2025-11-16 09:37:00', '2025-11-16 12:37:00', 180, 'DLH', 'FRA', 'CDG');
INSERT INTO FLIGHT (id, departure_time, arrival_time, duration, airline_code, origin_airport_code, destination_airport_code) VALUES (180, '2025-11-27 05:43:00', '2025-11-27 08:43:00', 180, 'DLH', 'FRA', 'CDG');
INSERT INTO FLIGHT (id, departure_time, arrival_time, duration, airline_code, origin_airport_code, destination_airport_code) VALUES (181, '2025-12-08 18:14:00', '2025-12-08 21:14:00', 180, 'DLH', 'FRA', 'CDG');
INSERT INTO FLIGHT (id, departure_time, arrival_time, duration, airline_code, origin_airport_code, destination_airport_code) VALUES (182, '2025-12-19 13:46:00', '2025-12-19 16:46:00', 180, 'DLH', 'FRA', 'CDG');
INSERT INTO FLIGHT (id, departure_time, arrival_time, duration, airline_code, origin_airport_code, destination_airport_code) VALUES (183, '2025-12-30 23:25:00', '2025-12-31 02:25:00', 180, 'DLH', 'FRA', 'CDG');
INSERT INTO FLIGHT (id, departure_time, arrival_time, duration, airline_code, origin_airport_code, destination_airport_code) VALUES (184, '2026-01-11 05:43:00', '2026-01-11 08:43:00', 180, 'DLH', 'FRA', 'CDG');
INSERT INTO FLIGHT (id, departure_time, arrival_time, duration, airline_code, origin_airport_code, destination_airport_code) VALUES (185, '2026-01-22 00:09:00', '2026-01-22 03:09:00', 180, 'DLH', 'FRA', 'CDG');
INSERT INTO FLIGHT (id, departure_time, arrival_time, duration, airline_code, origin_airport_code, destination_airport_code) VALUES (186, '2026-02-02 20:31:00', '2026-02-02 23:31:00', 180, 'DLH', 'FRA', 'CDG');
INSERT INTO FLIGHT (id, departure_time, arrival_time, duration, airline_code, origin_airport_code, destination_airport_code) VALUES (187, '2026-02-13 15:46:00', '2026-02-13 18:46:00', 180, 'DLH', 'FRA', 'CDG');
INSERT INTO FLIGHT (id, departure_time, arrival_time, duration, airline_code, origin_airport_code, destination_airport_code) VALUES (188, '2026-02-24 09:37:00', '2026-02-24 12:37:00', 180, 'DLH', 'FRA', 'CDG');
INSERT INTO FLIGHT (id, departure_time, arrival_time, duration, airline_code, origin_airport_code, destination_airport_code) VALUES (189, '2025-06-21 03:09:00', '2025-06-21 06:09:00', 180, 'AFL', 'SVO', 'IST');
INSERT INTO FLIGHT (id, departure_time, arrival_time, duration, airline_code, origin_airport_code, destination_airport_code) VALUES (190, '2025-06-30 00:03:00', '2025-06-30 03:03:00', 180, 'AFL', 'SVO', 'IST');
INSERT INTO FLIGHT (id, departure_time, arrival_time, duration, airline_code, origin_airport_code, destination_airport_code) VALUES (191, '2025-07-09 05:24:00', '2025-07-09 08:24:00', 180, 'AFL', 'SVO', 'IST');
INSERT INTO FLIGHT (id, departure_time, arrival_time, duration, airline_code, origin_airport_code, destination_airport_code) VALUES (192, '2025-07-20 18:14:00', '2025-07-20 21:14:00', 180, 'AFL', 'SVO', 'IST');
INSERT INTO FLIGHT (id, departure_time, arrival_time, duration, airline_code, origin_airport_code, destination_airport_code) VALUES (193, '2025-08-01 13:46:00', '2025-08-01 16:46:00', 180, 'AFL', 'SVO', 'IST');
INSERT INTO FLIGHT (id, departure_time, arrival_time, duration, airline_code, origin_airport_code, destination_airport_code) VALUES (194, '2025-08-11 23:25:00', '2025-08-12 02:25:00', 180, 'AFL', 'SVO', 'IST');
INSERT INTO FLIGHT (id, departure_time, arrival_time, duration, airline_code, origin_airport_code, destination_airport_code) VALUES (195, '2025-08-22 05:43:00', '2025-08-22 08:43:00', 180, 'AFL', 'SVO', 'IST');
INSERT INTO FLIGHT (id, departure_time, arrival_time, duration, airline_code, origin_airport_code, destination_airport_code) VALUES (196, '2025-09-02 00:09:00', '2025-09-02 03:09:00', 180, 'AFL', 'SVO', 'IST');
INSERT INTO FLIGHT (id, departure_time, arrival_time, duration, airline_code, origin_airport_code, destination_airport_code) VALUES (197, '2025-09-12 20:31:00', '2025-09-12 23:31:00', 180, 'AFL', 'SVO', 'IST');
INSERT INTO FLIGHT (id, departure_time, arrival_time, duration, airline_code, origin_airport_code, destination_airport_code) VALUES (198, '2025-09-23 15:46:00', '2025-09-23 18:46:00', 180, 'AFL', 'SVO', 'IST');
INSERT INTO FLIGHT (id, departure_time, arrival_time, duration, airline_code, origin_airport_code, destination_airport_code) VALUES (199, '2025-10-04 09:37:00', '2025-10-04 12:37:00', 180, 'AFL', 'SVO', 'IST');
INSERT INTO FLIGHT (id, departure_time, arrival_time, duration, airline_code, origin_airport_code, destination_airport_code) VALUES (200, '2025-10-15 00:09:00', '2025-10-15 03:09:00', 180, 'AFL', 'SVO', 'IST');
INSERT INTO FLIGHT (id, departure_time, arrival_time, duration, airline_code, origin_airport_code, destination_airport_code) VALUES (201, '2025-10-25 20:31:00', '2025-10-25 23:31:00', 180, 'AFL', 'SVO', 'IST');
INSERT INTO FLIGHT (id, departure_time, arrival_time, duration, airline_code, origin_airport_code, destination_airport_code) VALUES (202, '2025-11-05 15:46:00', '2025-11-05 18:46:00', 180, 'AFL', 'SVO', 'IST');
INSERT INTO FLIGHT (id, departure_time, arrival_time, duration, airline_code, origin_airport_code, destination_airport_code) VALUES (203, '2025-11-16 09:37:00', '2025-11-16 12:37:00', 180, 'AFL', 'SVO', 'IST');
INSERT INTO FLIGHT (id, departure_time, arrival_time, duration, airline_code, origin_airport_code, destination_airport_code) VALUES (204, '2025-11-27 05:43:00', '2025-11-27 08:43:00', 180, 'AFL', 'SVO', 'IST');
INSERT INTO FLIGHT (id, departure_time, arrival_time, duration, airline_code, origin_airport_code, destination_airport_code) VALUES (205, '2025-12-08 18:14:00', '2025-12-08 21:14:00', 180, 'AFL', 'SVO', 'IST');
INSERT INTO FLIGHT (id, departure_time, arrival_time, duration, airline_code, origin_airport_code, destination_airport_code) VALUES (206, '2025-12-19 13:46:00', '2025-12-19 16:46:00', 180, 'AFL', 'SVO', 'IST');
INSERT INTO FLIGHT (id, departure_time, arrival_time, duration, airline_code, origin_airport_code, destination_airport_code) VALUES (207, '2025-12-30 23:25:00', '2025-12-31 02:25:00', 180, 'AFL', 'SVO', 'IST');
INSERT INTO FLIGHT (id, departure_time, arrival_time, duration, airline_code, origin_airport_code, destination_airport_code) VALUES (208, '2026-01-11 05:43:00', '2026-01-11 08:43:00', 180, 'AFL', 'SVO', 'IST');
INSERT INTO FLIGHT (id, departure_time, arrival_time, duration, airline_code, origin_airport_code, destination_airport_code) VALUES (209, '2026-01-22 00:09:00', '2026-01-22 03:09:00', 180, 'AFL', 'SVO', 'IST');
INSERT INTO FLIGHT (id, departure_time, arrival_time, duration, airline_code, origin_airport_code, destination_airport_code) VALUES (210, '2026-02-02 20:31:00', '2026-02-02 23:31:00', 180, 'AFL', 'SVO', 'IST');
INSERT INTO FLIGHT (id, departure_time, arrival_time, duration, airline_code, origin_airport_code, destination_airport_code) VALUES (211, '2026-02-13 15:46:00', '2026-02-13 18:46:00', 180, 'AFL', 'SVO', 'IST');
INSERT INTO FLIGHT (id, departure_time, arrival_time, duration, airline_code, origin_airport_code, destination_airport_code) VALUES (212, '2026-02-24 09:37:00', '2026-02-24 12:37:00', 180, 'AFL', 'SVO', 'IST');
INSERT INTO FLIGHT (id, departure_time, arrival_time, duration, airline_code, origin_airport_code, destination_airport_code) VALUES (213, '2025-07-06 00:09:00', '2025-07-06 03:09:00', 180, 'RYR', 'DUB', 'FRA');
INSERT INTO FLIGHT (id, departure_time, arrival_time, duration, airline_code, origin_airport_code, destination_airport_code) VALUES (214, '2025-07-16 20:31:00', '2025-07-16 23:31:00', 180, 'RYR', 'DUB', 'FRA');
INSERT INTO FLIGHT (id, departure_time, arrival_time, duration, airline_code, origin_airport_code, destination_airport_code) VALUES (215, '2025-07-27 15:46:00', '2025-07-27 18:46:00', 180, 'RYR', 'DUB', 'FRA');
INSERT INTO FLIGHT (id, departure_time, arrival_time, duration, airline_code, origin_airport_code, destination_airport_code) VALUES (216, '2025-08-07 09:37:00', '2025-08-07 12:37:00', 180, 'RYR', 'DUB', 'FRA');
INSERT INTO FLIGHT (id, departure_time, arrival_time, duration, airline_code, origin_airport_code, destination_airport_code) VALUES (217, '2025-08-18 05:43:00', '2025-08-18 08:43:00', 180, 'RYR', 'DUB', 'FRA');
INSERT INTO FLIGHT (id, departure_time, arrival_time, duration, airline_code, origin_airport_code, destination_airport_code) VALUES (218, '2025-08-28 18:14:00', '2025-08-28 21:14:00', 180, 'RYR', 'DUB', 'FRA');
INSERT INTO FLIGHT (id, departure_time, arrival_time, duration, airline_code, origin_airport_code, destination_airport_code) VALUES (219, '2025-09-09 13:46:00', '2025-09-09 16:46:00', 180, 'RYR', 'DUB', 'FRA');
INSERT INTO FLIGHT (id, departure_time, arrival_time, duration, airline_code, origin_airport_code, destination_airport_code) VALUES (220, '2025-09-20 23:25:00', '2025-09-21 02:25:00', 180, 'RYR', 'DUB', 'FRA');
INSERT INTO FLIGHT (id, departure_time, arrival_time, duration, airline_code, origin_airport_code, destination_airport_code) VALUES (221, '2025-10-01 05:43:00', '2025-10-01 08:43:00', 180, 'RYR', 'DUB', 'FRA');
INSERT INTO FLIGHT (id, departure_time, arrival_time, duration, airline_code, origin_airport_code, destination_airport_code) VALUES (222, '2025-10-12 00:09:00', '2025-10-12 03:09:00', 180, 'RYR', 'DUB', 'FRA');
INSERT INTO FLIGHT (id, departure_time, arrival_time, duration, airline_code, origin_airport_code, destination_airport_code) VALUES (223, '2025-10-23 20:31:00', '2025-10-23 23:31:00', 180, 'RYR', 'DUB', 'FRA');
INSERT INTO FLIGHT (id, departure_time, arrival_time, duration, airline_code, origin_airport_code, destination_airport_code) VALUES (224, '2025-11-03 15:46:00', '2025-11-03 18:46:00', 180, 'RYR', 'DUB', 'FRA');
INSERT INTO FLIGHT (id, departure_time, arrival_time, duration, airline_code, origin_airport_code, destination_airport_code) VALUES (225, '2025-11-14 09:37:00', '2025-11-14 12:37:00', 180, 'RYR', 'DUB', 'FRA');
INSERT INTO FLIGHT (id, departure_time, arrival_time, duration, airline_code, origin_airport_code, destination_airport_code) VALUES (226, '2025-11-25 05:43:00', '2025-11-25 08:43:00', 180, 'RYR', 'DUB', 'FRA');
INSERT INTO FLIGHT (id, departure_time, arrival_time, duration, airline_code, origin_airport_code, destination_airport_code) VALUES (227, '2025-12-06 18:14:00', '2025-12-06 21:14:00', 180, 'RYR', 'DUB', 'FRA');
INSERT INTO FLIGHT (id, departure_time, arrival_time, duration, airline_code, origin_airport_code, destination_airport_code) VALUES (228, '2025-12-17 13:46:00', '2025-12-17 16:46:00', 180, 'RYR', 'DUB', 'FRA');
INSERT INTO FLIGHT (id, departure_time, arrival_time, duration, airline_code, origin_airport_code, destination_airport_code) VALUES (229, '2025-12-28 23:25:00', '2025-12-29 02:25:00', 180, 'RYR', 'DUB', 'FRA');
INSERT INTO FLIGHT (id, departure_time, arrival_time, duration, airline_code, origin_airport_code, destination_airport_code) VALUES (230, '2026-01-08 05:43:00', '2026-01-08 08:43:00', 180, 'RYR', 'DUB', 'FRA');
INSERT INTO FLIGHT (id, departure_time, arrival_time, duration, airline_code, origin_airport_code, destination_airport_code) VALUES (231, '2026-01-19 00:09:00', '2026-01-19 03:09:00', 180, 'RYR', 'DUB', 'FRA');
INSERT INTO FLIGHT (id, departure_time, arrival_time, duration, airline_code, origin_airport_code, destination_airport_code) VALUES (232, '2026-01-30 20:31:00', '2026-01-30 23:31:00', 180, 'RYR', 'DUB', 'FRA');
INSERT INTO FLIGHT (id, departure_time, arrival_time, duration, airline_code, origin_airport_code, destination_airport_code) VALUES (233, '2026-02-10 15:46:00', '2026-02-10 18:46:00', 180, 'RYR', 'DUB', 'FRA');
INSERT INTO FLIGHT (id, departure_time, arrival_time, duration, airline_code, origin_airport_code, destination_airport_code) VALUES (234, '2026-02-21 09:37:00', '2026-02-21 12:37:00', 180, 'RYR', 'DUB', 'FRA');
INSERT INTO FLIGHT (id, departure_time, arrival_time, duration, airline_code, origin_airport_code, destination_airport_code) VALUES (235, '2025-06-05 13:58:00', '2025-06-05 18:58:00', 300, 'DLH', 'FRA', 'LGW');
INSERT INTO FLIGHT (id, departure_time, arrival_time, duration, airline_code, origin_airport_code, destination_airport_code) VALUES (236, '2025-06-05 06:17:00', '2025-06-05 11:13:00', 296, 'KLM', 'AMS', 'FRA');
INSERT INTO FLIGHT (id, departure_time, arrival_time, duration, airline_code, origin_airport_code, destination_airport_code) VALUES (237, '2025-06-09 17:01:00', '2025-06-09 21:01:00', 240, 'THY', 'IST', 'LHR');
INSERT INTO FLIGHT (id, departure_time, arrival_time, duration, airline_code, origin_airport_code, destination_airport_code) VALUES (238, '2025-06-11 02:49:00', '2025-06-11 08:32:00', 343, 'PGS', 'SAW', 'LHR');
INSERT INTO FLIGHT (id, departure_time, arrival_time, duration, airline_code, origin_airport_code, destination_airport_code) VALUES (239, '2025-06-12 10:14:00', '2025-06-12 16:32:00', 378, 'AFL', 'SVO', 'CDG');
INSERT INTO FLIGHT (id, departure_time, arrival_time, duration, airline_code, origin_airport_code, destination_airport_code) VALUES (240, '2025-06-14 02:30:00', '2025-06-14 07:05:00', 275, 'PGS', 'SAW', 'DUB');
INSERT INTO FLIGHT (id, departure_time, arrival_time, duration, airline_code, origin_airport_code, destination_airport_code) VALUES (241, '2025-06-15 00:03:00', '2025-06-15 05:27:00', 324, 'BAW', 'LHR', 'IST');
INSERT INTO FLIGHT (id, departure_time, arrival_time, duration, airline_code, origin_airport_code, destination_airport_code) VALUES (242, '2025-06-16 02:18:00', '2025-06-16 04:36:00', 138, 'DLH', 'FRA', 'AMS');
INSERT INTO FLIGHT (id, departure_time, arrival_time, duration, airline_code, origin_airport_code, destination_airport_code) VALUES (243, '2025-06-17 23:49:00', '2025-06-17 04:38:00', 289, 'AFL', 'SVO', 'DUB');
INSERT INTO FLIGHT (id, departure_time, arrival_time, duration, airline_code, origin_airport_code, destination_airport_code) VALUES (244, '2025-06-18 23:09:00', '2025-06-19 05:13:00', 364, 'EZY', 'LGW', 'IST');
INSERT INTO FLIGHT (id, departure_time, arrival_time, duration, airline_code, origin_airport_code, destination_airport_code) VALUES (245, '2025-06-20 02:30:00', '2025-06-20 06:17:00', 227, 'DLH', 'FRA', 'SAW');
INSERT INTO FLIGHT (id, departure_time, arrival_time, duration, airline_code, origin_airport_code, destination_airport_code) VALUES (246, '2025-06-21 03:00:00', '2025-06-21 04:59:00', 119, 'DLH', 'FRA', 'AMS');
INSERT INTO FLIGHT (id, departure_time, arrival_time, duration, airline_code, origin_airport_code, destination_airport_code) VALUES (247, '2025-06-22 00:09:00', '2025-06-22 04:26:00', 257, 'EZY', 'LGW', 'AMS');
INSERT INTO FLIGHT (id, departure_time, arrival_time, duration, airline_code, origin_airport_code, destination_airport_code) VALUES (248, '2025-06-23 00:41:00', '2025-06-23 03:55:00', 194, 'DLH', 'FRA', 'CDG');
INSERT INTO FLIGHT (id, departure_time, arrival_time, duration, airline_code, origin_airport_code, destination_airport_code) VALUES (249, '2025-06-24 10:48:00', '2025-06-24 12:48:00', 120, 'EZY', 'LGW', 'AMS');
INSERT INTO FLIGHT (id, departure_time, arrival_time, duration, airline_code, origin_airport_code, destination_airport_code) VALUES (250, '2025-06-25 18:24:00', '2025-06-25 20:38:00', 134, 'RYR', 'DUB', 'FRA');
INSERT INTO FLIGHT (id, departure_time, arrival_time, duration, airline_code, origin_airport_code, destination_airport_code) VALUES (251, '2025-06-26 16:35:00', '2025-06-26 21:03:00', 268, 'THY', 'IST', 'AMS');
INSERT INTO FLIGHT (id, departure_time, arrival_time, duration, airline_code, origin_airport_code, destination_airport_code) VALUES (252, '2025-06-27 15:43:00', '2025-06-27 19:43:00', 240, 'KLM', 'AMS', 'LGW');
INSERT INTO FLIGHT (id, departure_time, arrival_time, duration, airline_code, origin_airport_code, destination_airport_code) VALUES (253, '2025-06-28 14:13:00', '2025-06-28 18:13:00', 240, 'AFR', 'CDG', 'FRA');
INSERT INTO FLIGHT (id, departure_time, arrival_time, duration, airline_code, origin_airport_code, destination_airport_code) VALUES (254, '2025-06-29 23:42:00', '2025-06-30 05:42:00', 360, 'THY', 'IST', 'SVO');
INSERT INTO FLIGHT (id, departure_time, arrival_time, duration, airline_code, origin_airport_code, destination_airport_code) VALUES (255, '2025-07-01 01:21:00', '2025-07-01 07:21:00', 360, 'BAW', 'LHR', 'IST');
INSERT INTO FLIGHT (id, departure_time, arrival_time, duration, airline_code, origin_airport_code, destination_airport_code) VALUES (256, '2025-07-02 02:44:00', '2025-07-02 08:44:00', 360, 'EZY', 'LGW', 'AMS');
INSERT INTO FLIGHT (id, departure_time, arrival_time, duration, airline_code, origin_airport_code, destination_airport_code) VALUES (257, '2025-07-03 08:35:00', '2025-07-03 11:14:00', 159, 'RYR', 'DUB', 'LGW');
INSERT INTO FLIGHT (id, departure_time, arrival_time, duration, airline_code, origin_airport_code, destination_airport_code) VALUES (258, '2025-07-04 03:00:00', '2025-07-04 06:07:00', 187, 'THY', 'IST', 'LHR');
INSERT INTO FLIGHT (id, departure_time, arrival_time, duration, airline_code, origin_airport_code, destination_airport_code) VALUES (259, '2025-07-05 02:26:00', '2025-07-05 06:26:00', 240, 'PGS', 'SAW', 'CDG');
INSERT INTO FLIGHT (id, departure_time, arrival_time, duration, airline_code, origin_airport_code, destination_airport_code) VALUES (260, '2025-07-06 10:04:00', '2025-07-06 14:04:00', 240, 'AFR', 'CDG', 'AMS');
INSERT INTO FLIGHT (id, departure_time, arrival_time, duration, airline_code, origin_airport_code, destination_airport_code) VALUES (261, '2025-07-07 16:35:00', '2025-07-07 20:35:00', 240, 'AFL', 'SVO', 'IST');
INSERT INTO FLIGHT (id, departure_time, arrival_time, duration, airline_code, origin_airport_code, destination_airport_code) VALUES (262, '2025-07-08 01:21:00', '2025-07-08 07:21:00', 360, 'BAW', 'LHR', 'IST');
INSERT INTO FLIGHT (id, departure_time, arrival_time, duration, airline_code, origin_airport_code, destination_airport_code) VALUES (263, '2025-07-09 02:44:00', '2025-07-09 08:44:00', 360, 'EZY', 'LGW', 'AMS');
INSERT INTO FLIGHT (id, departure_time, arrival_time, duration, airline_code, origin_airport_code, destination_airport_code) VALUES (264, '2025-07-10 11:25:00', '2025-07-10 15:25:00', 240, 'KLM', 'AMS', 'IST');
INSERT INTO FLIGHT (id, departure_time, arrival_time, duration, airline_code, origin_airport_code, destination_airport_code) VALUES (265, '2025-07-11 18:24:00', '2025-07-11 20:24:00', 120, 'RYR', 'DUB', 'FRA');
INSERT INTO FLIGHT (id, departure_time, arrival_time, duration, airline_code, origin_airport_code, destination_airport_code) VALUES (266, '2025-07-12 17:01:00', '2025-07-12 21:01:00', 240, 'THY', 'IST', 'LHR');
INSERT INTO FLIGHT (id, departure_time, arrival_time, duration, airline_code, origin_airport_code, destination_airport_code) VALUES (267, '2025-07-13 15:43:00', '2025-07-13 19:43:00', 240, 'PGS', 'SAW', 'CDG');
INSERT INTO FLIGHT (id, departure_time, arrival_time, duration, airline_code, origin_airport_code, destination_airport_code) VALUES (268, '2025-07-14 14:13:00', '2025-07-14 18:13:00', 240, 'AFR', 'CDG', 'AMS');
INSERT INTO FLIGHT (id, departure_time, arrival_time, duration, airline_code, origin_airport_code, destination_airport_code) VALUES (269, '2025-07-15 23:42:00', '2025-07-16 05:42:00', 360, 'AFL', 'SVO', 'IST');
INSERT INTO FLIGHT (id, departure_time, arrival_time, duration, airline_code, origin_airport_code, destination_airport_code) VALUES (270, '2025-07-17 02:44:00', '2025-07-17 08:44:00', 360, 'BAW', 'LHR', 'IST');
INSERT INTO FLIGHT (id, departure_time, arrival_time, duration, airline_code, origin_airport_code, destination_airport_code) VALUES (271, '2025-07-18 06:17:00', '2025-07-18 10:17:00', 240, 'EZY', 'LGW', 'AMS');
INSERT INTO FLIGHT (id, departure_time, arrival_time, duration, airline_code, origin_airport_code, destination_airport_code) VALUES (272, '2025-07-19 18:24:00', '2025-07-19 22:24:00', 240, 'KLM', 'AMS', 'IST');
INSERT INTO FLIGHT (id, departure_time, arrival_time, duration, airline_code, origin_airport_code, destination_airport_code) VALUES (273, '2025-07-20 17:01:00', '2025-07-20 21:01:00', 240, 'RYR', 'DUB', 'FRA');
INSERT INTO FLIGHT (id, departure_time, arrival_time, duration, airline_code, origin_airport_code, destination_airport_code) VALUES (274, '2025-07-21 15:43:00', '2025-07-21 19:43:00', 240, 'THY', 'IST', 'LHR');
INSERT INTO FLIGHT (id, departure_time, arrival_time, duration, airline_code, origin_airport_code, destination_airport_code) VALUES (275, '2025-07-22 14:13:00', '2025-07-22 18:13:00', 240, 'PGS', 'SAW', 'CDG');
INSERT INTO FLIGHT (id, departure_time, arrival_time, duration, airline_code, origin_airport_code, destination_airport_code) VALUES (276, '2025-07-23 23:42:00', '2025-07-24 05:42:00', 360, 'AFR', 'CDG', 'AMS');
INSERT INTO FLIGHT (id, departure_time, arrival_time, duration, airline_code, origin_airport_code, destination_airport_code) VALUES (277, '2025-07-25 02:44:00', '2025-07-25 08:44:00', 360, 'AFL', 'SVO', 'IST');
INSERT INTO FLIGHT (id, departure_time, arrival_time, duration, airline_code, origin_airport_code, destination_airport_code) VALUES (278, '2025-07-26 11:25:00', '2025-07-26 15:25:00', 240, 'BAW', 'LHR', 'IST');
INSERT INTO FLIGHT (id, departure_time, arrival_time, duration, airline_code, origin_airport_code, destination_airport_code) VALUES (279, '2025-07-27 18:24:00', '2025-07-27 22:24:00', 240, 'EZY', 'LGW', 'AMS');
INSERT INTO FLIGHT (id, departure_time, arrival_time, duration, airline_code, origin_airport_code, destination_airport_code) VALUES (280, '2025-07-28 17:01:00', '2025-07-28 21:01:00', 240, 'KLM', 'AMS', 'IST');
INSERT INTO FLIGHT (id, departure_time, arrival_time, duration, airline_code, origin_airport_code, destination_airport_code) VALUES (281, '2025-07-29 15:43:00', '2025-07-29 19:43:00', 240, 'RYR', 'DUB', 'FRA');
INSERT INTO FLIGHT (id, departure_time, arrival_time, duration, airline_code, origin_airport_code, destination_airport_code) VALUES (282, '2025-07-30 14:13:00', '2025-07-30 18:13:00', 240, 'THY', 'IST', 'LHR');
INSERT INTO FLIGHT (id, departure_time, arrival_time, duration, airline_code, origin_airport_code, destination_airport_code) VALUES (283, '2025-07-31 23:42:00', '2025-08-01 05:42:00', 360, 'PGS', 'SAW', 'CDG');
INSERT INTO FLIGHT (id, departure_time, arrival_time, duration, airline_code, origin_airport_code, destination_airport_code) VALUES (284, '2025-08-02 02:44:00', '2025-08-02 08:44:00', 360, 'AFR', 'CDG', 'AMS');
INSERT INTO FLIGHT (id, departure_time, arrival_time, duration, airline_code, origin_airport_code, destination_airport_code) VALUES (285, '2025-08-03 11:25:00', '2025-08-03 15:25:00', 240, 'AFL', 'SVO', 'IST');
INSERT INTO FLIGHT (id, departure_time, arrival_time, duration, airline_code, origin_airport_code, destination_airport_code) VALUES (286, '2025-08-04 18:24:00', '2025-08-04 22:24:00', 240, 'BAW', 'LHR', 'IST');
INSERT INTO FLIGHT (id, departure_time, arrival_time, duration, airline_code, origin_airport_code, destination_airport_code) VALUES (287, '2025-08-05 17:01:00', '2025-08-05 21:01:00', 240, 'EZY', 'LGW', 'AMS');
INSERT INTO FLIGHT (id, departure_time, arrival_time, duration, airline_code, origin_airport_code, destination_airport_code) VALUES (288, '2025-08-06 15:43:00', '2025-08-06 19:43:00', 240, 'KLM', 'AMS', 'IST');
INSERT INTO FLIGHT (id, departure_time, arrival_time, duration, airline_code, origin_airport_code, destination_airport_code) VALUES (289, '2025-08-07 14:13:00', '2025-08-07 18:13:00', 240, 'RYR', 'DUB', 'FRA');
INSERT INTO FLIGHT (id, departure_time, arrival_time, duration, airline_code, origin_airport_code, destination_airport_code) VALUES (290, '2025-08-08 23:42:00', '2025-08-09 05:42:00', 360, 'THY', 'IST', 'LHR');
INSERT INTO FLIGHT (id, departure_time, arrival_time, duration, airline_code, origin_airport_code, destination_airport_code) VALUES (291, '2025-08-10 02:44:00', '2025-08-10 08:44:00', 360, 'PGS', 'SAW', 'CDG');
INSERT INTO FLIGHT (id, departure_time, arrival_time, duration, airline_code, origin_airport_code, destination_airport_code) VALUES (292, '2025-08-11 11:25:00', '2025-08-11 15:25:00', 240, 'AFR', 'CDG', 'AMS');
INSERT INTO FLIGHT (id, departure_time, arrival_time, duration, airline_code, origin_airport_code, destination_airport_code) VALUES (293, '2025-08-12 18:24:00', '2025-08-12 22:24:00', 240, 'AFL', 'SVO', 'IST');
INSERT INTO FLIGHT (id, departure_time, arrival_time, duration, airline_code, origin_airport_code, destination_airport_code) VALUES (294, '2025-08-13 17:01:00', '2025-08-13 21:01:00', 240, 'BAW', 'LHR', 'IST');
INSERT INTO FLIGHT (id, departure_time, arrival_time, duration, airline_code, origin_airport_code, destination_airport_code) VALUES (295, '2025-08-14 15:43:00', '2025-08-14 19:43:00', 240, 'EZY', 'LGW', 'AMS');
INSERT INTO FLIGHT (id, departure_time, arrival_time, duration, airline_code, origin_airport_code, destination_airport_code) VALUES (296, '2025-08-15 14:13:00', '2025-08-15 18:13:00', 240, 'KLM', 'AMS', 'IST');
INSERT INTO FLIGHT (id, departure_time, arrival_time, duration, airline_code, origin_airport_code, destination_airport_code) VALUES (297, '2025-08-16 23:42:00', '2025-08-17 05:42:00', 360, 'RYR', 'DUB', 'FRA');
INSERT INTO FLIGHT (id, departure_time, arrival_time, duration, airline_code, origin_airport_code, destination_airport_code) VALUES (298, '2025-08-18 02:44:00', '2025-08-18 08:44:00', 360, 'THY', 'IST', 'LHR');
INSERT INTO FLIGHT (id, departure_time, arrival_time, duration, airline_code, origin_airport_code, destination_airport_code) VALUES (299, '2025-08-19 11:25:00', '2025-08-19 15:25:00', 240, 'PGS', 'SAW', 'CDG');
INSERT INTO FLIGHT (id, departure_time, arrival_time, duration, airline_code, origin_airport_code, destination_airport_code) VALUES (300, '2025-08-20 18:24:00', '2025-08-20 22:24:00', 240, 'AFR', 'CDG', 'AMS');

-- Insert Flight Classes
INSERT INTO FLIGHT_CLASS (flight_id, flight_class, seat_count, available_seats, price) VALUES (1, 'ECONOMY', 96, 96, 107.03);
INSERT INTO FLIGHT_CLASS (flight_id, flight_class, seat_count, available_seats, price) VALUES (1, 'BUSINESS', 41, 41, 148.36);
INSERT INTO FLIGHT_CLASS (flight_id, flight_class, seat_count, available_seats, price) VALUES (2, 'ECONOMY', 104, 104, 252.12);
INSERT INTO FLIGHT_CLASS (flight_id, flight_class, seat_count, available_seats, price) VALUES (2, 'BUSINESS', 69, 69, 453.39);
INSERT INTO FLIGHT_CLASS (flight_id, flight_class, seat_count, available_seats, price) VALUES (3, 'ECONOMY', 74, 74, 329.80);
INSERT INTO FLIGHT_CLASS (flight_id, flight_class, seat_count, available_seats, price) VALUES (3, 'BUSINESS', 40, 40, 502.83);
INSERT INTO FLIGHT_CLASS (flight_id, flight_class, seat_count, available_seats, price) VALUES (4, 'ECONOMY', 61, 61, 218.42);
INSERT INTO FLIGHT_CLASS (flight_id, flight_class, seat_count, available_seats, price) VALUES (4, 'BUSINESS', 41, 41, 378.73);
INSERT INTO FLIGHT_CLASS (flight_id, flight_class, seat_count, available_seats, price) VALUES (5, 'ECONOMY', 60, 60, 104.99);
INSERT INTO FLIGHT_CLASS (flight_id, flight_class, seat_count, available_seats, price) VALUES (5, 'BUSINESS', 40, 40, 170.60);
INSERT INTO FLIGHT_CLASS (flight_id, flight_class, seat_count, available_seats, price) VALUES (6, 'ECONOMY', 85, 85, 87.89);
INSERT INTO FLIGHT_CLASS (flight_id, flight_class, seat_count, available_seats, price) VALUES (6, 'BUSINESS', 57, 57, 136.49);
INSERT INTO FLIGHT_CLASS (flight_id, flight_class, seat_count, available_seats, price) VALUES (7, 'ECONOMY', 65, 65, 126.79);
INSERT INTO FLIGHT_CLASS (flight_id, flight_class, seat_count, available_seats, price) VALUES (7, 'BUSINESS', 44, 44, 189.98);
INSERT INTO FLIGHT_CLASS (flight_id, flight_class, seat_count, available_seats, price) VALUES (8, 'ECONOMY', 76, 76, 128.53);
INSERT INTO FLIGHT_CLASS (flight_id, flight_class, seat_count, available_seats, price) VALUES (8, 'BUSINESS', 51, 51, 198.79);
INSERT INTO FLIGHT_CLASS (flight_id, flight_class, seat_count, available_seats, price) VALUES (9, 'ECONOMY', 101, 101, 99.41);
INSERT INTO FLIGHT_CLASS (flight_id, flight_class, seat_count, available_seats, price) VALUES (9, 'BUSINESS', 68, 68, 155.35);
INSERT INTO FLIGHT_CLASS (flight_id, flight_class, seat_count, available_seats, price) VALUES (10, 'ECONOMY', 88, 88, 219.14);
INSERT INTO FLIGHT_CLASS (flight_id, flight_class, seat_count, available_seats, price) VALUES (10, 'BUSINESS', 59, 59, 362.47);
INSERT INTO FLIGHT_CLASS (flight_id, flight_class, seat_count, available_seats, price) VALUES (11, 'ECONOMY', 87, 87, 285.24);
INSERT INTO FLIGHT_CLASS (flight_id, flight_class, seat_count, available_seats, price) VALUES (11, 'BUSINESS', 58, 58, 427.86);
INSERT INTO FLIGHT_CLASS (flight_id, flight_class, seat_count, available_seats, price) VALUES (12, 'ECONOMY', 90, 90, 292.08);
INSERT INTO FLIGHT_CLASS (flight_id, flight_class, seat_count, available_seats, price) VALUES (12, 'BUSINESS', 60, 60, 403.01);
INSERT INTO FLIGHT_CLASS (flight_id, flight_class, seat_count, available_seats, price) VALUES (13, 'ECONOMY', 78, 78, 268.30);
INSERT INTO FLIGHT_CLASS (flight_id, flight_class, seat_count, available_seats, price) VALUES (13, 'BUSINESS', 53, 53, 383.39);
INSERT INTO FLIGHT_CLASS (flight_id, flight_class, seat_count, available_seats, price) VALUES (14, 'ECONOMY', 103, 103, 352.41);
INSERT INTO FLIGHT_CLASS (flight_id, flight_class, seat_count, available_seats, price) VALUES (14, 'BUSINESS', 69, 69, 621.57);
INSERT INTO FLIGHT_CLASS (flight_id, flight_class, seat_count, available_seats, price) VALUES (15, 'ECONOMY', 61, 61, 313.48);
INSERT INTO FLIGHT_CLASS (flight_id, flight_class, seat_count, available_seats, price) VALUES (15, 'BUSINESS', 41, 41, 558.11);
INSERT INTO FLIGHT_CLASS (flight_id, flight_class, seat_count, available_seats, price) VALUES (16, 'ECONOMY', 82, 82, 156.48);
INSERT INTO FLIGHT_CLASS (flight_id, flight_class, seat_count, available_seats, price) VALUES (16, 'BUSINESS', 55, 55, 257.08);
INSERT INTO FLIGHT_CLASS (flight_id, flight_class, seat_count, available_seats, price) VALUES (17, 'ECONOMY', 95, 95, 309.13);
INSERT INTO FLIGHT_CLASS (flight_id, flight_class, seat_count, available_seats, price) VALUES (17, 'BUSINESS', 64, 64, 502.66);
INSERT INTO FLIGHT_CLASS (flight_id, flight_class, seat_count, available_seats, price) VALUES (18, 'ECONOMY', 51, 51, 117.81);
INSERT INTO FLIGHT_CLASS (flight_id, flight_class, seat_count, available_seats, price) VALUES (18, 'BUSINESS', 34, 34, 219.41);
INSERT INTO FLIGHT_CLASS (flight_id, flight_class, seat_count, available_seats, price) VALUES (19, 'ECONOMY', 31, 31, 447.88);
INSERT INTO FLIGHT_CLASS (flight_id, flight_class, seat_count, available_seats, price) VALUES (19, 'BUSINESS', 22, 22, 671.84);
INSERT INTO FLIGHT_CLASS (flight_id, flight_class, seat_count, available_seats, price) VALUES (20, 'ECONOMY', 65, 65, 435.81);
INSERT INTO FLIGHT_CLASS (flight_id, flight_class, seat_count, available_seats, price) VALUES (20, 'BUSINESS', 43, 43, 643.14);
INSERT INTO FLIGHT_CLASS (flight_id, flight_class, seat_count, available_seats, price) VALUES (21, 'ECONOMY', 82, 82, 307.60);
INSERT INTO FLIGHT_CLASS (flight_id, flight_class, seat_count, available_seats, price) VALUES (21, 'BUSINESS', 55, 55, 479.98);
INSERT INTO FLIGHT_CLASS (flight_id, flight_class, seat_count, available_seats, price) VALUES (22, 'ECONOMY', 92, 92, 149.33);
INSERT INTO FLIGHT_CLASS (flight_id, flight_class, seat_count, available_seats, price) VALUES (22, 'BUSINESS', 62, 62, 241.65);
INSERT INTO FLIGHT_CLASS (flight_id, flight_class, seat_count, available_seats, price) VALUES (23, 'ECONOMY', 106, 106, 166.74);
INSERT INTO FLIGHT_CLASS (flight_id, flight_class, seat_count, available_seats, price) VALUES (23, 'BUSINESS', 71, 71, 276.99);
INSERT INTO FLIGHT_CLASS (flight_id, flight_class, seat_count, available_seats, price) VALUES (24, 'ECONOMY', 90, 90, 171.61);
INSERT INTO FLIGHT_CLASS (flight_id, flight_class, seat_count, available_seats, price) VALUES (24, 'BUSINESS', 61, 61, 276.77);
INSERT INTO FLIGHT_CLASS (flight_id, flight_class, seat_count, available_seats, price) VALUES (25, 'ECONOMY', 106, 106, 102.77);
INSERT INTO FLIGHT_CLASS (flight_id, flight_class, seat_count, available_seats, price) VALUES (25, 'BUSINESS', 72, 72, 169.83);
INSERT INTO FLIGHT_CLASS (flight_id, flight_class, seat_count, available_seats, price) VALUES (26, 'ECONOMY', 85, 85, 382.02);
INSERT INTO FLIGHT_CLASS (flight_id, flight_class, seat_count, available_seats, price) VALUES (26, 'BUSINESS', 57, 57, 617.92);
INSERT INTO FLIGHT_CLASS (flight_id, flight_class, seat_count, available_seats, price) VALUES (27, 'ECONOMY', 82, 82, 407.39);
INSERT INTO FLIGHT_CLASS (flight_id, flight_class, seat_count, available_seats, price) VALUES (27, 'BUSINESS', 55, 55, 612.39);
INSERT INTO FLIGHT_CLASS (flight_id, flight_class, seat_count, available_seats, price) VALUES (28, 'ECONOMY', 75, 75, 301.72);
INSERT INTO FLIGHT_CLASS (flight_id, flight_class, seat_count, available_seats, price) VALUES (28, 'BUSINESS', 51, 51, 477.56);
INSERT INTO FLIGHT_CLASS (flight_id, flight_class, seat_count, available_seats, price) VALUES (29, 'ECONOMY', 61, 61, 313.48);
INSERT INTO FLIGHT_CLASS (flight_id, flight_class, seat_count, available_seats, price) VALUES (29, 'BUSINESS', 41, 41, 558.11);
INSERT INTO FLIGHT_CLASS (flight_id, flight_class, seat_count, available_seats, price) VALUES (30, 'ECONOMY', 82, 82, 156.48);
INSERT INTO FLIGHT_CLASS (flight_id, flight_class, seat_count, available_seats, price) VALUES (30, 'BUSINESS', 55, 55, 257.08);
INSERT INTO FLIGHT_CLASS (flight_id, flight_class, seat_count, available_seats, price) VALUES (31, 'ECONOMY', 70, 70, 313.48);
INSERT INTO FLIGHT_CLASS (flight_id, flight_class, seat_count, available_seats, price) VALUES (31, 'BUSINESS', 47, 47, 558.11);
INSERT INTO FLIGHT_CLASS (flight_id, flight_class, seat_count, available_seats, price) VALUES (32, 'ECONOMY', 81, 81, 244.13);
INSERT INTO FLIGHT_CLASS (flight_id, flight_class, seat_count, available_seats, price) VALUES (32, 'BUSINESS', 54, 54, 380.08);
INSERT INTO FLIGHT_CLASS (flight_id, flight_class, seat_count, available_seats, price) VALUES (33, 'ECONOMY', 61, 61, 169.01);
INSERT INTO FLIGHT_CLASS (flight_id, flight_class, seat_count, available_seats, price) VALUES (33, 'BUSINESS', 41, 41, 251.46);
INSERT INTO FLIGHT_CLASS (flight_id, flight_class, seat_count, available_seats, price) VALUES (34, 'ECONOMY', 101, 101, 253.94);
INSERT INTO FLIGHT_CLASS (flight_id, flight_class, seat_count, available_seats, price) VALUES (34, 'BUSINESS', 68, 68, 437.28);
INSERT INTO FLIGHT_CLASS (flight_id, flight_class, seat_count, available_seats, price) VALUES (35, 'ECONOMY', 76, 76, 186.52);
INSERT INTO FLIGHT_CLASS (flight_id, flight_class, seat_count, available_seats, price) VALUES (35, 'BUSINESS', 51, 51, 310.86);
INSERT INTO FLIGHT_CLASS (flight_id, flight_class, seat_count, available_seats, price) VALUES (36, 'ECONOMY', 85, 85, 213.31);
INSERT INTO FLIGHT_CLASS (flight_id, flight_class, seat_count, available_seats, price) VALUES (36, 'BUSINESS', 57, 57, 344.40);
INSERT INTO FLIGHT_CLASS (flight_id, flight_class, seat_count, available_seats, price) VALUES (37, 'ECONOMY', 64, 64, 292.81);
INSERT INTO FLIGHT_CLASS (flight_id, flight_class, seat_count, available_seats, price) VALUES (37, 'BUSINESS', 43, 43, 453.28);
INSERT INTO FLIGHT_CLASS (flight_id, flight_class, seat_count, available_seats, price) VALUES (38, 'ECONOMY', 83, 83, 330.95);
INSERT INTO FLIGHT_CLASS (flight_id, flight_class, seat_count, available_seats, price) VALUES (38, 'BUSINESS', 55, 55, 502.83);
INSERT INTO FLIGHT_CLASS (flight_id, flight_class, seat_count, available_seats, price) VALUES (39, 'ECONOMY', 98, 98, 227.24);
INSERT INTO FLIGHT_CLASS (flight_id, flight_class, seat_count, available_seats, price) VALUES (39, 'BUSINESS', 65, 65, 351.68);
INSERT INTO FLIGHT_CLASS (flight_id, flight_class, seat_count, available_seats, price) VALUES (40, 'ECONOMY', 105, 105, 314.97);
INSERT INTO FLIGHT_CLASS (flight_id, flight_class, seat_count, available_seats, price) VALUES (40, 'BUSINESS', 70, 70, 487.45);
INSERT INTO FLIGHT_CLASS (flight_id, flight_class, seat_count, available_seats, price) VALUES (41, 'ECONOMY', 106, 106, 206.96);
INSERT INTO FLIGHT_CLASS (flight_id, flight_class, seat_count, available_seats, price) VALUES (41, 'BUSINESS', 71, 71, 319.44);
INSERT INTO FLIGHT_CLASS (flight_id, flight_class, seat_count, available_seats, price) VALUES (42, 'ECONOMY', 96, 96, 107.03);
INSERT INTO FLIGHT_CLASS (flight_id, flight_class, seat_count, available_seats, price) VALUES (42, 'BUSINESS', 41, 41, 148.36);
INSERT INTO FLIGHT_CLASS (flight_id, flight_class, seat_count, available_seats, price) VALUES (43, 'ECONOMY', 104, 104, 252.12);
INSERT INTO FLIGHT_CLASS (flight_id, flight_class, seat_count, available_seats, price) VALUES (43, 'BUSINESS', 69, 69, 453.39);
INSERT INTO FLIGHT_CLASS (flight_id, flight_class, seat_count, available_seats, price) VALUES (44, 'ECONOMY', 74, 74, 329.80);
INSERT INTO FLIGHT_CLASS (flight_id, flight_class, seat_count, available_seats, price) VALUES (44, 'BUSINESS', 40, 40, 502.83);
INSERT INTO FLIGHT_CLASS (flight_id, flight_class, seat_count, available_seats, price) VALUES (45, 'ECONOMY', 61, 61, 218.42);
INSERT INTO FLIGHT_CLASS (flight_id, flight_class, seat_count, available_seats, price) VALUES (45, 'BUSINESS', 41, 41, 378.73);
INSERT INTO FLIGHT_CLASS (flight_id, flight_class, seat_count, available_seats, price) VALUES (46, 'ECONOMY', 60, 60, 104.99);
INSERT INTO FLIGHT_CLASS (flight_id, flight_class, seat_count, available_seats, price) VALUES (46, 'BUSINESS', 40, 40, 170.60);
INSERT INTO FLIGHT_CLASS (flight_id, flight_class, seat_count, available_seats, price) VALUES (47, 'ECONOMY', 85, 85, 87.89);
INSERT INTO FLIGHT_CLASS (flight_id, flight_class, seat_count, available_seats, price) VALUES (47, 'BUSINESS', 57, 57, 136.49);
INSERT INTO FLIGHT_CLASS (flight_id, flight_class, seat_count, available_seats, price) VALUES (48, 'ECONOMY', 65, 65, 126.79);
INSERT INTO FLIGHT_CLASS (flight_id, flight_class, seat_count, available_seats, price) VALUES (48, 'BUSINESS', 44, 44, 189.98);
INSERT INTO FLIGHT_CLASS (flight_id, flight_class, seat_count, available_seats, price) VALUES (49, 'ECONOMY', 76, 76, 128.53);
INSERT INTO FLIGHT_CLASS (flight_id, flight_class, seat_count, available_seats, price) VALUES (49, 'BUSINESS', 51, 51, 198.79);
INSERT INTO FLIGHT_CLASS (flight_id, flight_class, seat_count, available_seats, price) VALUES (50, 'ECONOMY', 101, 101, 99.41);
INSERT INTO FLIGHT_CLASS (flight_id, flight_class, seat_count, available_seats, price) VALUES (50, 'BUSINESS', 68, 68, 155.35);
INSERT INTO FLIGHT_CLASS (flight_id, flight_class, seat_count, available_seats, price) VALUES (51, 'ECONOMY', 88, 88, 219.14);
INSERT INTO FLIGHT_CLASS (flight_id, flight_class, seat_count, available_seats, price) VALUES (51, 'BUSINESS', 59, 59, 362.47);
INSERT INTO FLIGHT_CLASS (flight_id, flight_class, seat_count, available_seats, price) VALUES (52, 'ECONOMY', 85, 85, 368.24);
INSERT INTO FLIGHT_CLASS (flight_id, flight_class, seat_count, available_seats, price) VALUES (52, 'BUSINESS', 57, 57, 569.90);
INSERT INTO FLIGHT_CLASS (flight_id, flight_class, seat_count, available_seats, price) VALUES (53, 'ECONOMY', 69, 69, 213.31);
INSERT INTO FLIGHT_CLASS (flight_id, flight_class, seat_count, available_seats, price) VALUES (53, 'BUSINESS', 46, 46, 330.12);
INSERT INTO FLIGHT_CLASS (flight_id, flight_class, seat_count, available_seats, price) VALUES (54, 'ECONOMY', 82, 82, 87.89);
INSERT INTO FLIGHT_CLASS (flight_id, flight_class, seat_count, available_seats, price) VALUES (54, 'BUSINESS', 55, 55, 136.49);
INSERT INTO FLIGHT_CLASS (flight_id, flight_class, seat_count, available_seats, price) VALUES (55, 'ECONOMY', 64, 64, 292.81);
INSERT INTO FLIGHT_CLASS (flight_id, flight_class, seat_count, available_seats, price) VALUES (55, 'BUSINESS', 43, 43, 453.28);
INSERT INTO FLIGHT_CLASS (flight_id, flight_class, seat_count, available_seats, price) VALUES (56, 'ECONOMY', 101, 101, 169.01);
INSERT INTO FLIGHT_CLASS (flight_id, flight_class, seat_count, available_seats, price) VALUES (56, 'BUSINESS', 68, 68, 251.46);
INSERT INTO FLIGHT_CLASS (flight_id, flight_class, seat_count, available_seats, price) VALUES (57, 'ECONOMY', 103, 103, 236.40);
INSERT INTO FLIGHT_CLASS (flight_id, flight_class, seat_count, available_seats, price) VALUES (57, 'BUSINESS', 69, 69, 365.85);
INSERT INTO FLIGHT_CLASS (flight_id, flight_class, seat_count, available_seats, price) VALUES (58, 'ECONOMY', 61, 61, 227.24);
INSERT INTO FLIGHT_CLASS (flight_id, flight_class, seat_count, available_seats, price) VALUES (58, 'BUSINESS', 41, 41, 351.68);
INSERT INTO FLIGHT_CLASS (flight_id, flight_class, seat_count, available_seats, price) VALUES (59, 'ECONOMY', 104, 104, 252.12);
INSERT INTO FLIGHT_CLASS (flight_id, flight_class, seat_count, available_seats, price) VALUES (59, 'BUSINESS', 69, 69, 453.39);
INSERT INTO FLIGHT_CLASS (flight_id, flight_class, seat_count, available_seats, price) VALUES (60, 'ECONOMY', 101, 101, 99.41);
INSERT INTO FLIGHT_CLASS (flight_id, flight_class, seat_count, available_seats, price) VALUES (60, 'BUSINESS', 68, 68, 155.35);
INSERT INTO FLIGHT_CLASS (flight_id, flight_class, seat_count, available_seats, price) VALUES (61, 'ECONOMY', 88, 88, 219.14);
INSERT INTO FLIGHT_CLASS (flight_id, flight_class, seat_count, available_seats, price) VALUES (61, 'BUSINESS', 59, 59, 362.47);
INSERT INTO FLIGHT_CLASS (flight_id, flight_class, seat_count, available_seats, price) VALUES (62, 'ECONOMY', 85, 85, 368.24);
INSERT INTO FLIGHT_CLASS (flight_id, flight_class, seat_count, available_seats, price) VALUES (62, 'BUSINESS', 57, 57, 569.90);
INSERT INTO FLIGHT_CLASS (flight_id, flight_class, seat_count, available_seats, price) VALUES (63, 'ECONOMY', 69, 69, 213.31);
INSERT INTO FLIGHT_CLASS (flight_id, flight_class, seat_count, available_seats, price) VALUES (63, 'BUSINESS', 46, 46, 330.12);
INSERT INTO FLIGHT_CLASS (flight_id, flight_class, seat_count, available_seats, price) VALUES (64, 'ECONOMY', 82, 82, 87.89);
INSERT INTO FLIGHT_CLASS (flight_id, flight_class, seat_count, available_seats, price) VALUES (64, 'BUSINESS', 55, 55, 136.49);
INSERT INTO FLIGHT_CLASS (flight_id, flight_class, seat_count, available_seats, price) VALUES (65, 'ECONOMY', 64, 64, 292.81);
INSERT INTO FLIGHT_CLASS (flight_id, flight_class, seat_count, available_seats, price) VALUES (65, 'BUSINESS', 43, 43, 453.28);
INSERT INTO FLIGHT_CLASS (flight_id, flight_class, seat_count, available_seats, price) VALUES (66, 'ECONOMY', 101, 101, 169.01);
INSERT INTO FLIGHT_CLASS (flight_id, flight_class, seat_count, available_seats, price) VALUES (66, 'BUSINESS', 68, 68, 251.46);
INSERT INTO FLIGHT_CLASS (flight_id, flight_class, seat_count, available_seats, price) VALUES (67, 'ECONOMY', 103, 103, 236.40);
INSERT INTO FLIGHT_CLASS (flight_id, flight_class, seat_count, available_seats, price) VALUES (67, 'BUSINESS', 69, 69, 365.85);
INSERT INTO FLIGHT_CLASS (flight_id, flight_class, seat_count, available_seats, price) VALUES (68, 'ECONOMY', 61, 61, 227.24);
INSERT INTO FLIGHT_CLASS (flight_id, flight_class, seat_count, available_seats, price) VALUES (68, 'BUSINESS', 41, 41, 351.68);
INSERT INTO FLIGHT_CLASS (flight_id, flight_class, seat_count, available_seats, price) VALUES (69, 'ECONOMY', 104, 104, 252.12);
INSERT INTO FLIGHT_CLASS (flight_id, flight_class, seat_count, available_seats, price) VALUES (69, 'BUSINESS', 69, 69, 453.39);
INSERT INTO FLIGHT_CLASS (flight_id, flight_class, seat_count, available_seats, price) VALUES (70, 'ECONOMY', 101, 101, 99.41);
INSERT INTO FLIGHT_CLASS (flight_id, flight_class, seat_count, available_seats, price) VALUES (70, 'BUSINESS', 68, 68, 155.35);
INSERT INTO FLIGHT_CLASS (flight_id, flight_class, seat_count, available_seats, price) VALUES (71, 'ECONOMY', 88, 88, 219.14);
INSERT INTO FLIGHT_CLASS (flight_id, flight_class, seat_count, available_seats, price) VALUES (71, 'BUSINESS', 59, 59, 362.47);
INSERT INTO FLIGHT_CLASS (flight_id, flight_class, seat_count, available_seats, price) VALUES (72, 'ECONOMY', 85, 85, 368.24);
INSERT INTO FLIGHT_CLASS (flight_id, flight_class, seat_count, available_seats, price) VALUES (72, 'BUSINESS', 57, 57, 569.90);
INSERT INTO FLIGHT_CLASS (flight_id, flight_class, seat_count, available_seats, price) VALUES (73, 'ECONOMY', 69, 69, 213.31);
INSERT INTO FLIGHT_CLASS (flight_id, flight_class, seat_count, available_seats, price) VALUES (73, 'BUSINESS', 46, 46, 330.12);
INSERT INTO FLIGHT_CLASS (flight_id, flight_class, seat_count, available_seats, price) VALUES (74, 'ECONOMY', 82, 82, 87.89);
INSERT INTO FLIGHT_CLASS (flight_id, flight_class, seat_count, available_seats, price) VALUES (74, 'BUSINESS', 55, 55, 136.49);
INSERT INTO FLIGHT_CLASS (flight_id, flight_class, seat_count, available_seats, price) VALUES (75, 'ECONOMY', 64, 64, 292.81);
INSERT INTO FLIGHT_CLASS (flight_id, flight_class, seat_count, available_seats, price) VALUES (75, 'BUSINESS', 43, 43, 453.28);
INSERT INTO FLIGHT_CLASS (flight_id, flight_class, seat_count, available_seats, price) VALUES (76, 'ECONOMY', 101, 101, 169.01);
INSERT INTO FLIGHT_CLASS (flight_id, flight_class, seat_count, available_seats, price) VALUES (76, 'BUSINESS', 68, 68, 251.46);
INSERT INTO FLIGHT_CLASS (flight_id, flight_class, seat_count, available_seats, price) VALUES (77, 'ECONOMY', 103, 103, 236.40);
INSERT INTO FLIGHT_CLASS (flight_id, flight_class, seat_count, available_seats, price) VALUES (77, 'BUSINESS', 69, 69, 365.85);
INSERT INTO FLIGHT_CLASS (flight_id, flight_class, seat_count, available_seats, price) VALUES (78, 'ECONOMY', 61, 61, 227.24);
INSERT INTO FLIGHT_CLASS (flight_id, flight_class, seat_count, available_seats, price) VALUES (78, 'BUSINESS', 41, 41, 351.68);
INSERT INTO FLIGHT_CLASS (flight_id, flight_class, seat_count, available_seats, price) VALUES (79, 'ECONOMY', 104, 104, 252.12);
INSERT INTO FLIGHT_CLASS (flight_id, flight_class, seat_count, available_seats, price) VALUES (79, 'BUSINESS', 69, 69, 453.39);
INSERT INTO FLIGHT_CLASS (flight_id, flight_class, seat_count, available_seats, price) VALUES (80, 'ECONOMY', 101, 101, 99.41);
INSERT INTO FLIGHT_CLASS (flight_id, flight_class, seat_count, available_seats, price) VALUES (80, 'BUSINESS', 68, 68, 155.35);
INSERT INTO FLIGHT_CLASS (flight_id, flight_class, seat_count, available_seats, price) VALUES (81, 'ECONOMY', 88, 88, 219.14);
INSERT INTO FLIGHT_CLASS (flight_id, flight_class, seat_count, available_seats, price) VALUES (81, 'BUSINESS', 59, 59, 362.47);
INSERT INTO FLIGHT_CLASS (flight_id, flight_class, seat_count, available_seats, price) VALUES (82, 'ECONOMY', 85, 85, 368.24);
INSERT INTO FLIGHT_CLASS (flight_id, flight_class, seat_count, available_seats, price) VALUES (82, 'BUSINESS', 57, 57, 569.90);
INSERT INTO FLIGHT_CLASS (flight_id, flight_class, seat_count, available_seats, price) VALUES (83, 'ECONOMY', 69, 69, 213.31);
INSERT INTO FLIGHT_CLASS (flight_id, flight_class, seat_count, available_seats, price) VALUES (83, 'BUSINESS', 46, 46, 330.12);
INSERT INTO FLIGHT_CLASS (flight_id, flight_class, seat_count, available_seats, price) VALUES (84, 'ECONOMY', 82, 82, 87.89);
INSERT INTO FLIGHT_CLASS (flight_id, flight_class, seat_count, available_seats, price) VALUES (84, 'BUSINESS', 55, 55, 136.49);
INSERT INTO FLIGHT_CLASS (flight_id, flight_class, seat_count, available_seats, price) VALUES (85, 'ECONOMY', 64, 64, 292.81);
INSERT INTO FLIGHT_CLASS (flight_id, flight_class, seat_count, available_seats, price) VALUES (85, 'BUSINESS', 43, 43, 453.28);
INSERT INTO FLIGHT_CLASS (flight_id, flight_class, seat_count, available_seats, price) VALUES (86, 'ECONOMY', 101, 101, 169.01);
INSERT INTO FLIGHT_CLASS (flight_id, flight_class, seat_count, available_seats, price) VALUES (86, 'BUSINESS', 68, 68, 251.46);
INSERT INTO FLIGHT_CLASS (flight_id, flight_class, seat_count, available_seats, price) VALUES (87, 'ECONOMY', 103, 103, 236.40);
INSERT INTO FLIGHT_CLASS (flight_id, flight_class, seat_count, available_seats, price) VALUES (87, 'BUSINESS', 69, 69, 365.85);
INSERT INTO FLIGHT_CLASS (flight_id, flight_class, seat_count, available_seats, price) VALUES (88, 'ECONOMY', 61, 61, 227.24);
INSERT INTO FLIGHT_CLASS (flight_id, flight_class, seat_count, available_seats, price) VALUES (88, 'BUSINESS', 41, 41, 351.68);
INSERT INTO FLIGHT_CLASS (flight_id, flight_class, seat_count, available_seats, price) VALUES (89, 'ECONOMY', 104, 104, 252.12);
INSERT INTO FLIGHT_CLASS (flight_id, flight_class, seat_count, available_seats, price) VALUES (89, 'BUSINESS', 69, 69, 453.39);
INSERT INTO FLIGHT_CLASS (flight_id, flight_class, seat_count, available_seats, price) VALUES (90, 'ECONOMY', 101, 101, 99.41);
INSERT INTO FLIGHT_CLASS (flight_id, flight_class, seat_count, available_seats, price) VALUES (90, 'BUSINESS', 68, 68, 155.35);
INSERT INTO FLIGHT_CLASS (flight_id, flight_class, seat_count, available_seats, price) VALUES (91, 'ECONOMY', 85, 85, 368.24);
INSERT INTO FLIGHT_CLASS (flight_id, flight_class, seat_count, available_seats, price) VALUES (91, 'BUSINESS', 57, 57, 569.90);
INSERT INTO FLIGHT_CLASS (flight_id, flight_class, seat_count, available_seats, price) VALUES (92, 'ECONOMY', 69, 69, 213.31);
INSERT INTO FLIGHT_CLASS (flight_id, flight_class, seat_count, available_seats, price) VALUES (92, 'BUSINESS', 46, 46, 330.12);
INSERT INTO FLIGHT_CLASS (flight_id, flight_class, seat_count, available_seats, price) VALUES (93, 'ECONOMY', 82, 82, 87.89);
INSERT INTO FLIGHT_CLASS (flight_id, flight_class, seat_count, available_seats, price) VALUES (93, 'BUSINESS', 55, 55, 136.49);
INSERT INTO FLIGHT_CLASS (flight_id, flight_class, seat_count, available_seats, price) VALUES (94, 'ECONOMY', 64, 64, 292.81);
INSERT INTO FLIGHT_CLASS (flight_id, flight_class, seat_count, available_seats, price) VALUES (94, 'BUSINESS', 43, 43, 453.28);
INSERT INTO FLIGHT_CLASS (flight_id, flight_class, seat_count, available_seats, price) VALUES (95, 'ECONOMY', 101, 101, 169.01);
INSERT INTO FLIGHT_CLASS (flight_id, flight_class, seat_count, available_seats, price) VALUES (95, 'BUSINESS', 68, 68, 251.46);
INSERT INTO FLIGHT_CLASS (flight_id, flight_class, seat_count, available_seats, price) VALUES (96, 'ECONOMY', 103, 103, 236.40);
INSERT INTO FLIGHT_CLASS (flight_id, flight_class, seat_count, available_seats, price) VALUES (96, 'BUSINESS', 69, 69, 365.85);
INSERT INTO FLIGHT_CLASS (flight_id, flight_class, seat_count, available_seats, price) VALUES (97, 'ECONOMY', 61, 61, 227.24);
INSERT INTO FLIGHT_CLASS (flight_id, flight_class, seat_count, available_seats, price) VALUES (97, 'BUSINESS', 41, 41, 351.68);
INSERT INTO FLIGHT_CLASS (flight_id, flight_class, seat_count, available_seats, price) VALUES (98, 'ECONOMY', 104, 104, 252.12);
INSERT INTO FLIGHT_CLASS (flight_id, flight_class, seat_count, available_seats, price) VALUES (98, 'BUSINESS', 69, 69, 453.39);
INSERT INTO FLIGHT_CLASS (flight_id, flight_class, seat_count, available_seats, price) VALUES (99, 'ECONOMY', 101, 101, 99.41);
INSERT INTO FLIGHT_CLASS (flight_id, flight_class, seat_count, available_seats, price) VALUES (99, 'BUSINESS', 68, 68, 155.35);
INSERT INTO FLIGHT_CLASS (flight_id, flight_class, seat_count, available_seats, price) VALUES (100, 'ECONOMY', 88, 88, 219.14);
INSERT INTO FLIGHT_CLASS (flight_id, flight_class, seat_count, available_seats, price) VALUES (100, 'BUSINESS', 59, 59, 362.47);
INSERT INTO FLIGHT_CLASS (flight_id, flight_class, seat_count, available_seats, price) VALUES (101, 'ECONOMY', 85, 85, 368.24);
INSERT INTO FLIGHT_CLASS (flight_id, flight_class, seat_count, available_seats, price) VALUES (101, 'BUSINESS', 57, 57, 569.90);
INSERT INTO FLIGHT_CLASS (flight_id, flight_class, seat_count, available_seats, price) VALUES (102, 'ECONOMY', 69, 69, 213.31);
INSERT INTO FLIGHT_CLASS (flight_id, flight_class, seat_count, available_seats, price) VALUES (102, 'BUSINESS', 46, 46, 330.12);
INSERT INTO FLIGHT_CLASS (flight_id, flight_class, seat_count, available_seats, price) VALUES (103, 'ECONOMY', 82, 82, 87.89);
INSERT INTO FLIGHT_CLASS (flight_id, flight_class, seat_count, available_seats, price) VALUES (103, 'BUSINESS', 55, 55, 136.49);
INSERT INTO FLIGHT_CLASS (flight_id, flight_class, seat_count, available_seats, price) VALUES (104, 'ECONOMY', 64, 64, 292.81);
INSERT INTO FLIGHT_CLASS (flight_id, flight_class, seat_count, available_seats, price) VALUES (104, 'BUSINESS', 43, 43, 453.28);
INSERT INTO FLIGHT_CLASS (flight_id, flight_class, seat_count, available_seats, price) VALUES (105, 'ECONOMY', 101, 101, 169.01);
INSERT INTO FLIGHT_CLASS (flight_id, flight_class, seat_count, available_seats, price) VALUES (105, 'BUSINESS', 68, 68, 251.46);
INSERT INTO FLIGHT_CLASS (flight_id, flight_class, seat_count, available_seats, price) VALUES (106, 'ECONOMY', 103, 103, 236.40);
INSERT INTO FLIGHT_CLASS (flight_id, flight_class, seat_count, available_seats, price) VALUES (106, 'BUSINESS', 69, 69, 365.85);
INSERT INTO FLIGHT_CLASS (flight_id, flight_class, seat_count, available_seats, price) VALUES (107, 'ECONOMY', 61, 61, 227.24);
INSERT INTO FLIGHT_CLASS (flight_id, flight_class, seat_count, available_seats, price) VALUES (107, 'BUSINESS', 41, 41, 351.68);
INSERT INTO FLIGHT_CLASS (flight_id, flight_class, seat_count, available_seats, price) VALUES (108, 'ECONOMY', 104, 104, 252.12);
INSERT INTO FLIGHT_CLASS (flight_id, flight_class, seat_count, available_seats, price) VALUES (108, 'BUSINESS', 69, 69, 453.39);
INSERT INTO FLIGHT_CLASS (flight_id, flight_class, seat_count, available_seats, price) VALUES (109, 'ECONOMY', 101, 101, 99.41);
INSERT INTO FLIGHT_CLASS (flight_id, flight_class, seat_count, available_seats, price) VALUES (109, 'BUSINESS', 68, 68, 155.35);
INSERT INTO FLIGHT_CLASS (flight_id, flight_class, seat_count, available_seats, price) VALUES (110, 'ECONOMY', 88, 88, 219.14);
INSERT INTO FLIGHT_CLASS (flight_id, flight_class, seat_count, available_seats, price) VALUES (110, 'BUSINESS', 59, 59, 362.47);
INSERT INTO FLIGHT_CLASS (flight_id, flight_class, seat_count, available_seats, price) VALUES (111, 'ECONOMY', 61, 61, 313.48);
INSERT INTO FLIGHT_CLASS (flight_id, flight_class, seat_count, available_seats, price) VALUES (111, 'BUSINESS', 41, 41, 558.11);
INSERT INTO FLIGHT_CLASS (flight_id, flight_class, seat_count, available_seats, price) VALUES (112, 'ECONOMY', 82, 82, 156.48);
INSERT INTO FLIGHT_CLASS (flight_id, flight_class, seat_count, available_seats, price) VALUES (112, 'BUSINESS', 55, 55, 257.08);
INSERT INTO FLIGHT_CLASS (flight_id, flight_class, seat_count, available_seats, price) VALUES (113, 'ECONOMY', 75, 75, 301.72);
INSERT INTO FLIGHT_CLASS (flight_id, flight_class, seat_count, available_seats, price) VALUES (113, 'BUSINESS', 51, 51, 477.56);
INSERT INTO FLIGHT_CLASS (flight_id, flight_class, seat_count, available_seats, price) VALUES (114, 'ECONOMY', 95, 95, 324.96);
INSERT INTO FLIGHT_CLASS (flight_id, flight_class, seat_count, available_seats, price) VALUES (114, 'BUSINESS', 64, 64, 497.53);
INSERT INTO FLIGHT_CLASS (flight_id, flight_class, seat_count, available_seats, price) VALUES (115, 'ECONOMY', 51, 51, 123.63);
INSERT INTO FLIGHT_CLASS (flight_id, flight_class, seat_count, available_seats, price) VALUES (115, 'BUSINESS', 34, 34, 196.48);
INSERT INTO FLIGHT_CLASS (flight_id, flight_class, seat_count, available_seats, price) VALUES (116, 'ECONOMY', 90, 90, 422.50);
INSERT INTO FLIGHT_CLASS (flight_id, flight_class, seat_count, available_seats, price) VALUES (116, 'BUSINESS', 61, 61, 608.20);
INSERT INTO FLIGHT_CLASS (flight_id, flight_class, seat_count, available_seats, price) VALUES (117, 'ECONOMY', 65, 65, 307.60);
INSERT INTO FLIGHT_CLASS (flight_id, flight_class, seat_count, available_seats, price) VALUES (117, 'BUSINESS', 43, 43, 479.98);
INSERT INTO FLIGHT_CLASS (flight_id, flight_class, seat_count, available_seats, price) VALUES (118, 'ECONOMY', 106, 106, 102.77);
INSERT INTO FLIGHT_CLASS (flight_id, flight_class, seat_count, available_seats, price) VALUES (118, 'BUSINESS', 72, 72, 169.83);
INSERT INTO FLIGHT_CLASS (flight_id, flight_class, seat_count, available_seats, price) VALUES (119, 'ECONOMY', 92, 92, 333.15);
INSERT INTO FLIGHT_CLASS (flight_id, flight_class, seat_count, available_seats, price) VALUES (119, 'BUSINESS', 62, 62, 515.63);
INSERT INTO FLIGHT_CLASS (flight_id, flight_class, seat_count, available_seats, price) VALUES (120, 'ECONOMY', 61, 61, 313.48);
INSERT INTO FLIGHT_CLASS (flight_id, flight_class, seat_count, available_seats, price) VALUES (120, 'BUSINESS', 41, 41, 558.11);
INSERT INTO FLIGHT_CLASS (flight_id, flight_class, seat_count, available_seats, price) VALUES (121, 'ECONOMY', 43, 43, 417.58);
INSERT INTO FLIGHT_CLASS (flight_id, flight_class, seat_count, available_seats, price) VALUES (121, 'BUSINESS', 29, 29, 642.48);
INSERT INTO FLIGHT_CLASS (flight_id, flight_class, seat_count, available_seats, price) VALUES (122, 'ECONOMY', 85, 85, 126.79);
INSERT INTO FLIGHT_CLASS (flight_id, flight_class, seat_count, available_seats, price) VALUES (122, 'BUSINESS', 57, 57, 189.98);
INSERT INTO FLIGHT_CLASS (flight_id, flight_class, seat_count, available_seats, price) VALUES (123, 'ECONOMY', 96, 96, 132.06);
INSERT INTO FLIGHT_CLASS (flight_id, flight_class, seat_count, available_seats, price) VALUES (123, 'BUSINESS', 65, 65, 201.76);
INSERT INTO FLIGHT_CLASS (flight_id, flight_class, seat_count, available_seats, price) VALUES (124, 'ECONOMY', 92, 92, 149.33);
INSERT INTO FLIGHT_CLASS (flight_id, flight_class, seat_count, available_seats, price) VALUES (124, 'BUSINESS', 62, 62, 241.65);
INSERT INTO FLIGHT_CLASS (flight_id, flight_class, seat_count, available_seats, price) VALUES (125, 'ECONOMY', 63, 63, 169.01);
INSERT INTO FLIGHT_CLASS (flight_id, flight_class, seat_count, available_seats, price) VALUES (125, 'BUSINESS', 42, 42, 251.46);
INSERT INTO FLIGHT_CLASS (flight_id, flight_class, seat_count, available_seats, price) VALUES (126, 'ECONOMY', 85, 85, 382.02);
INSERT INTO FLIGHT_CLASS (flight_id, flight_class, seat_count, available_seats, price) VALUES (126, 'BUSINESS', 57, 57, 617.92);
INSERT INTO FLIGHT_CLASS (flight_id, flight_class, seat_count, available_seats, price) VALUES (127, 'ECONOMY', 70, 70, 396.97);
INSERT INTO FLIGHT_CLASS (flight_id, flight_class, seat_count, available_seats, price) VALUES (127, 'BUSINESS', 47, 47, 612.39);
INSERT INTO FLIGHT_CLASS (flight_id, flight_class, seat_count, available_seats, price) VALUES (128, 'ECONOMY', 82, 82, 156.48);
INSERT INTO FLIGHT_CLASS (flight_id, flight_class, seat_count, available_seats, price) VALUES (128, 'BUSINESS', 55, 55, 257.08);
INSERT INTO FLIGHT_CLASS (flight_id, flight_class, seat_count, available_seats, price) VALUES (129, 'ECONOMY', 107, 107, 128.53);
INSERT INTO FLIGHT_CLASS (flight_id, flight_class, seat_count, available_seats, price) VALUES (129, 'BUSINESS', 71, 71, 198.79);
INSERT INTO FLIGHT_CLASS (flight_id, flight_class, seat_count, available_seats, price) VALUES (130, 'ECONOMY', 31, 31, 447.88);
INSERT INTO FLIGHT_CLASS (flight_id, flight_class, seat_count, available_seats, price) VALUES (130, 'BUSINESS', 22, 22, 671.84);
INSERT INTO FLIGHT_CLASS (flight_id, flight_class, seat_count, available_seats, price) VALUES (131, 'ECONOMY', 105, 105, 416.71);
INSERT INTO FLIGHT_CLASS (flight_id, flight_class, seat_count, available_seats, price) VALUES (131, 'BUSINESS', 70, 70, 643.14);
INSERT INTO FLIGHT_CLASS (flight_id, flight_class, seat_count, available_seats, price) VALUES (132, 'ECONOMY', 106, 106, 166.74);
INSERT INTO FLIGHT_CLASS (flight_id, flight_class, seat_count, available_seats, price) VALUES (132, 'BUSINESS', 71, 71, 276.99);
INSERT INTO FLIGHT_CLASS (flight_id, flight_class, seat_count, available_seats, price) VALUES (133, 'ECONOMY', 85, 85, 368.24);
INSERT INTO FLIGHT_CLASS (flight_id, flight_class, seat_count, available_seats, price) VALUES (133, 'BUSINESS', 57, 57, 569.90);
INSERT INTO FLIGHT_CLASS (flight_id, flight_class, seat_count, available_seats, price) VALUES (134, 'ECONOMY', 69, 69, 213.31);
INSERT INTO FLIGHT_CLASS (flight_id, flight_class, seat_count, available_seats, price) VALUES (134, 'BUSINESS', 46, 46, 330.12);
INSERT INTO FLIGHT_CLASS (flight_id, flight_class, seat_count, available_seats, price) VALUES (135, 'ECONOMY', 82, 82, 87.89);
INSERT INTO FLIGHT_CLASS (flight_id, flight_class, seat_count, available_seats, price) VALUES (135, 'BUSINESS', 55, 55, 136.49);
INSERT INTO FLIGHT_CLASS (flight_id, flight_class, seat_count, available_seats, price) VALUES (136, 'ECONOMY', 64, 64, 292.81);
INSERT INTO FLIGHT_CLASS (flight_id, flight_class, seat_count, available_seats, price) VALUES (136, 'BUSINESS', 43, 43, 453.28);
INSERT INTO FLIGHT_CLASS (flight_id, flight_class, seat_count, available_seats, price) VALUES (137, 'ECONOMY', 101, 101, 169.01);
INSERT INTO FLIGHT_CLASS (flight_id, flight_class, seat_count, available_seats, price) VALUES (137, 'BUSINESS', 68, 68, 251.46);
INSERT INTO FLIGHT_CLASS (flight_id, flight_class, seat_count, available_seats, price) VALUES (138, 'ECONOMY', 103, 103, 236.40);
INSERT INTO FLIGHT_CLASS (flight_id, flight_class, seat_count, available_seats, price) VALUES (138, 'BUSINESS', 69, 69, 365.85);
INSERT INTO FLIGHT_CLASS (flight_id, flight_class, seat_count, available_seats, price) VALUES (139, 'ECONOMY', 61, 61, 227.24);
INSERT INTO FLIGHT_CLASS (flight_id, flight_class, seat_count, available_seats, price) VALUES (139, 'BUSINESS', 41, 41, 351.68);
INSERT INTO FLIGHT_CLASS (flight_id, flight_class, seat_count, available_seats, price) VALUES (140, 'ECONOMY', 104, 104, 252.12);
INSERT INTO FLIGHT_CLASS (flight_id, flight_class, seat_count, available_seats, price) VALUES (140, 'BUSINESS', 69, 69, 453.39);
INSERT INTO FLIGHT_CLASS (flight_id, flight_class, seat_count, available_seats, price) VALUES (141, 'ECONOMY', 101, 101, 99.41);
INSERT INTO FLIGHT_CLASS (flight_id, flight_class, seat_count, available_seats, price) VALUES (141, 'BUSINESS', 68, 68, 155.35);
INSERT INTO FLIGHT_CLASS (flight_id, flight_class, seat_count, available_seats, price) VALUES (142, 'ECONOMY', 88, 88, 219.14);
INSERT INTO FLIGHT_CLASS (flight_id, flight_class, seat_count, available_seats, price) VALUES (142, 'BUSINESS', 59, 59, 362.47);
INSERT INTO FLIGHT_CLASS (flight_id, flight_class, seat_count, available_seats, price) VALUES (143, 'ECONOMY', 85, 85, 368.24);
INSERT INTO FLIGHT_CLASS (flight_id, flight_class, seat_count, available_seats, price) VALUES (143, 'BUSINESS', 57, 57, 569.90);
INSERT INTO FLIGHT_CLASS (flight_id, flight_class, seat_count, available_seats, price) VALUES (144, 'ECONOMY', 69, 69, 213.31);
INSERT INTO FLIGHT_CLASS (flight_id, flight_class, seat_count, available_seats, price) VALUES (144, 'BUSINESS', 46, 46, 330.12);
INSERT INTO FLIGHT_CLASS (flight_id, flight_class, seat_count, available_seats, price) VALUES (145, 'ECONOMY', 82, 82, 87.89);
INSERT INTO FLIGHT_CLASS (flight_id, flight_class, seat_count, available_seats, price) VALUES (145, 'BUSINESS', 55, 55, 136.49);
INSERT INTO FLIGHT_CLASS (flight_id, flight_class, seat_count, available_seats, price) VALUES (146, 'ECONOMY', 64, 64, 292.81);
INSERT INTO FLIGHT_CLASS (flight_id, flight_class, seat_count, available_seats, price) VALUES (146, 'BUSINESS', 43, 43, 453.28);
INSERT INTO FLIGHT_CLASS (flight_id, flight_class, seat_count, available_seats, price) VALUES (147, 'ECONOMY', 101, 101, 169.01);
INSERT INTO FLIGHT_CLASS (flight_id, flight_class, seat_count, available_seats, price) VALUES (147, 'BUSINESS', 68, 68, 251.46);
INSERT INTO FLIGHT_CLASS (flight_id, flight_class, seat_count, available_seats, price) VALUES (148, 'ECONOMY', 103, 103, 236.40);
INSERT INTO FLIGHT_CLASS (flight_id, flight_class, seat_count, available_seats, price) VALUES (148, 'BUSINESS', 69, 69, 365.85);
INSERT INTO FLIGHT_CLASS (flight_id, flight_class, seat_count, available_seats, price) VALUES (149, 'ECONOMY', 61, 61, 227.24);
INSERT INTO FLIGHT_CLASS (flight_id, flight_class, seat_count, available_seats, price) VALUES (149, 'BUSINESS', 41, 41, 351.68);
INSERT INTO FLIGHT_CLASS (flight_id, flight_class, seat_count, available_seats, price) VALUES (150, 'ECONOMY', 104, 104, 252.12);
INSERT INTO FLIGHT_CLASS (flight_id, flight_class, seat_count, available_seats, price) VALUES (150, 'BUSINESS', 69, 69, 453.39);
INSERT INTO FLIGHT_CLASS (flight_id, flight_class, seat_count, available_seats, price) VALUES (151, 'ECONOMY', 101, 101, 99.41);
INSERT INTO FLIGHT_CLASS (flight_id, flight_class, seat_count, available_seats, price) VALUES (151, 'BUSINESS', 68, 68, 155.35);
INSERT INTO FLIGHT_CLASS (flight_id, flight_class, seat_count, available_seats, price) VALUES (152, 'ECONOMY', 88, 88, 219.14);
INSERT INTO FLIGHT_CLASS (flight_id, flight_class, seat_count, available_seats, price) VALUES (152, 'BUSINESS', 59, 59, 362.47);
INSERT INTO FLIGHT_CLASS (flight_id, flight_class, seat_count, available_seats, price) VALUES (153, 'ECONOMY', 85, 85, 368.24);
INSERT INTO FLIGHT_CLASS (flight_id, flight_class, seat_count, available_seats, price) VALUES (153, 'BUSINESS', 57, 57, 569.90);
INSERT INTO FLIGHT_CLASS (flight_id, flight_class, seat_count, available_seats, price) VALUES (154, 'ECONOMY', 69, 69, 213.31);
INSERT INTO FLIGHT_CLASS (flight_id, flight_class, seat_count, available_seats, price) VALUES (154, 'BUSINESS', 46, 46, 330.12);
INSERT INTO FLIGHT_CLASS (flight_id, flight_class, seat_count, available_seats, price) VALUES (155, 'ECONOMY', 82, 82, 87.89);
INSERT INTO FLIGHT_CLASS (flight_id, flight_class, seat_count, available_seats, price) VALUES (155, 'BUSINESS', 55, 55, 136.49);
INSERT INTO FLIGHT_CLASS (flight_id, flight_class, seat_count, available_seats, price) VALUES (156, 'ECONOMY', 64, 64, 292.81);
INSERT INTO FLIGHT_CLASS (flight_id, flight_class, seat_count, available_seats, price) VALUES (156, 'BUSINESS', 43, 43, 453.28);
INSERT INTO FLIGHT_CLASS (flight_id, flight_class, seat_count, available_seats, price) VALUES (157, 'ECONOMY', 101, 101, 169.01);
INSERT INTO FLIGHT_CLASS (flight_id, flight_class, seat_count, available_seats, price) VALUES (157, 'BUSINESS', 68, 68, 251.46);
INSERT INTO FLIGHT_CLASS (flight_id, flight_class, seat_count, available_seats, price) VALUES (158, 'ECONOMY', 103, 103, 236.40);
INSERT INTO FLIGHT_CLASS (flight_id, flight_class, seat_count, available_seats, price) VALUES (158, 'BUSINESS', 69, 69, 365.85);
INSERT INTO FLIGHT_CLASS (flight_id, flight_class, seat_count, available_seats, price) VALUES (159, 'ECONOMY', 61, 61, 227.24);
INSERT INTO FLIGHT_CLASS (flight_id, flight_class, seat_count, available_seats, price) VALUES (159, 'BUSINESS', 41, 41, 351.68);
INSERT INTO FLIGHT_CLASS (flight_id, flight_class, seat_count, available_seats, price) VALUES (160, 'ECONOMY', 104, 104, 252.12);
INSERT INTO FLIGHT_CLASS (flight_id, flight_class, seat_count, available_seats, price) VALUES (160, 'BUSINESS', 69, 69, 453.39);
INSERT INTO FLIGHT_CLASS (flight_id, flight_class, seat_count, available_seats, price) VALUES (161, 'ECONOMY', 101, 101, 99.41);
INSERT INTO FLIGHT_CLASS (flight_id, flight_class, seat_count, available_seats, price) VALUES (161, 'BUSINESS', 68, 68, 155.35);
INSERT INTO FLIGHT_CLASS (flight_id, flight_class, seat_count, available_seats, price) VALUES (162, 'ECONOMY', 88, 88, 219.14);
INSERT INTO FLIGHT_CLASS (flight_id, flight_class, seat_count, available_seats, price) VALUES (162, 'BUSINESS', 59, 59, 362.47);
INSERT INTO FLIGHT_CLASS (flight_id, flight_class, seat_count, available_seats, price) VALUES (163, 'ECONOMY', 85, 85, 368.24);
INSERT INTO FLIGHT_CLASS (flight_id, flight_class, seat_count, available_seats, price) VALUES (163, 'BUSINESS', 57, 57, 569.90);
INSERT INTO FLIGHT_CLASS (flight_id, flight_class, seat_count, available_seats, price) VALUES (164, 'ECONOMY', 69, 69, 213.31);
INSERT INTO FLIGHT_CLASS (flight_id, flight_class, seat_count, available_seats, price) VALUES (164, 'BUSINESS', 46, 46, 330.12);
INSERT INTO FLIGHT_CLASS (flight_id, flight_class, seat_count, available_seats, price) VALUES (165, 'ECONOMY', 104, 104, 252.12);
INSERT INTO FLIGHT_CLASS (flight_id, flight_class, seat_count, available_seats, price) VALUES (165, 'BUSINESS', 69, 69, 453.39);
INSERT INTO FLIGHT_CLASS (flight_id, flight_class, seat_count, available_seats, price) VALUES (166, 'ECONOMY', 101, 101, 99.41);
INSERT INTO FLIGHT_CLASS (flight_id, flight_class, seat_count, available_seats, price) VALUES (166, 'BUSINESS', 68, 68, 155.35);
INSERT INTO FLIGHT_CLASS (flight_id, flight_class, seat_count, available_seats, price) VALUES (167, 'ECONOMY', 88, 88, 219.14);
INSERT INTO FLIGHT_CLASS (flight_id, flight_class, seat_count, available_seats, price) VALUES (167, 'BUSINESS', 59, 59, 362.47);
INSERT INTO FLIGHT_CLASS (flight_id, flight_class, seat_count, available_seats, price) VALUES (168, 'ECONOMY', 85, 85, 368.24);
INSERT INTO FLIGHT_CLASS (flight_id, flight_class, seat_count, available_seats, price) VALUES (168, 'BUSINESS', 57, 57, 569.90);
INSERT INTO FLIGHT_CLASS (flight_id, flight_class, seat_count, available_seats, price) VALUES (169, 'ECONOMY', 69, 69, 213.31);
INSERT INTO FLIGHT_CLASS (flight_id, flight_class, seat_count, available_seats, price) VALUES (169, 'BUSINESS', 46, 46, 330.12);
INSERT INTO FLIGHT_CLASS (flight_id, flight_class, seat_count, available_seats, price) VALUES (170, 'ECONOMY', 82, 82, 87.89);
INSERT INTO FLIGHT_CLASS (flight_id, flight_class, seat_count, available_seats, price) VALUES (170, 'BUSINESS', 55, 55, 136.49);
INSERT INTO FLIGHT_CLASS (flight_id, flight_class, seat_count, available_seats, price) VALUES (171, 'ECONOMY', 64, 64, 292.81);
INSERT INTO FLIGHT_CLASS (flight_id, flight_class, seat_count, available_seats, price) VALUES (171, 'BUSINESS', 43, 43, 453.28);
INSERT INTO FLIGHT_CLASS (flight_id, flight_class, seat_count, available_seats, price) VALUES (172, 'ECONOMY', 101, 101, 169.01);
INSERT INTO FLIGHT_CLASS (flight_id, flight_class, seat_count, available_seats, price) VALUES (172, 'BUSINESS', 68, 68, 251.46);
INSERT INTO FLIGHT_CLASS (flight_id, flight_class, seat_count, available_seats, price) VALUES (173, 'ECONOMY', 103, 103, 236.40);
INSERT INTO FLIGHT_CLASS (flight_id, flight_class, seat_count, available_seats, price) VALUES (173, 'BUSINESS', 69, 69, 365.85);
INSERT INTO FLIGHT_CLASS (flight_id, flight_class, seat_count, available_seats, price) VALUES (174, 'ECONOMY', 61, 61, 227.24);
INSERT INTO FLIGHT_CLASS (flight_id, flight_class, seat_count, available_seats, price) VALUES (174, 'BUSINESS', 41, 41, 351.68);
INSERT INTO FLIGHT_CLASS (flight_id, flight_class, seat_count, available_seats, price) VALUES (175, 'ECONOMY', 104, 104, 252.12);
INSERT INTO FLIGHT_CLASS (flight_id, flight_class, seat_count, available_seats, price) VALUES (175, 'BUSINESS', 69, 69, 453.39);
INSERT INTO FLIGHT_CLASS (flight_id, flight_class, seat_count, available_seats, price) VALUES (176, 'ECONOMY', 101, 101, 99.41);
INSERT INTO FLIGHT_CLASS (flight_id, flight_class, seat_count, available_seats, price) VALUES (176, 'BUSINESS', 68, 68, 155.35);
INSERT INTO FLIGHT_CLASS (flight_id, flight_class, seat_count, available_seats, price) VALUES (177, 'ECONOMY', 88, 88, 219.14);
INSERT INTO FLIGHT_CLASS (flight_id, flight_class, seat_count, available_seats, price) VALUES (177, 'BUSINESS', 59, 59, 362.47);
INSERT INTO FLIGHT_CLASS (flight_id, flight_class, seat_count, available_seats, price) VALUES (178, 'ECONOMY', 85, 85, 368.24);
INSERT INTO FLIGHT_CLASS (flight_id, flight_class, seat_count, available_seats, price) VALUES (178, 'BUSINESS', 57, 57, 569.90);
INSERT INTO FLIGHT_CLASS (flight_id, flight_class, seat_count, available_seats, price) VALUES (179, 'ECONOMY', 69, 69, 213.31);
INSERT INTO FLIGHT_CLASS (flight_id, flight_class, seat_count, available_seats, price) VALUES (179, 'BUSINESS', 46, 46, 330.12);
INSERT INTO FLIGHT_CLASS (flight_id, flight_class, seat_count, available_seats, price) VALUES (180, 'ECONOMY', 82, 82, 87.89);
INSERT INTO FLIGHT_CLASS (flight_id, flight_class, seat_count, available_seats, price) VALUES (180, 'BUSINESS', 55, 55, 136.49);
INSERT INTO FLIGHT_CLASS (flight_id, flight_class, seat_count, available_seats, price) VALUES (181, 'ECONOMY', 64, 64, 292.81);
INSERT INTO FLIGHT_CLASS (flight_id, flight_class, seat_count, available_seats, price) VALUES (181, 'BUSINESS', 43, 43, 453.28);
INSERT INTO FLIGHT_CLASS (flight_id, flight_class, seat_count, available_seats, price) VALUES (182, 'ECONOMY', 101, 101, 169.01);
INSERT INTO FLIGHT_CLASS (flight_id, flight_class, seat_count, available_seats, price) VALUES (182, 'BUSINESS', 68, 68, 251.46);
INSERT INTO FLIGHT_CLASS (flight_id, flight_class, seat_count, available_seats, price) VALUES (183, 'ECONOMY', 103, 103, 236.40);
INSERT INTO FLIGHT_CLASS (flight_id, flight_class, seat_count, available_seats, price) VALUES (183, 'BUSINESS', 69, 69, 365.85);
INSERT INTO FLIGHT_CLASS (flight_id, flight_class, seat_count, available_seats, price) VALUES (184, 'BUSINESS', 62, 62, 256.25);
INSERT INTO FLIGHT_CLASS (flight_id, flight_class, seat_count, available_seats, price) VALUES (184, 'ECONOMY', 92, 92, 113.89);
INSERT INTO FLIGHT_CLASS (flight_id, flight_class, seat_count, available_seats, price) VALUES (185, 'BUSINESS', 42, 42, 298.22);
INSERT INTO FLIGHT_CLASS (flight_id, flight_class, seat_count, available_seats, price) VALUES (185, 'ECONOMY', 64, 64, 132.54);
INSERT INTO FLIGHT_CLASS (flight_id, flight_class, seat_count, available_seats, price) VALUES (186, 'BUSINESS', 57, 57, 675.68);
INSERT INTO FLIGHT_CLASS (flight_id, flight_class, seat_count, available_seats, price) VALUES (186, 'ECONOMY', 85, 85, 300.30);
INSERT INTO FLIGHT_CLASS (flight_id, flight_class, seat_count, available_seats, price) VALUES (187, 'BUSINESS', 47, 47, 689.60);
INSERT INTO FLIGHT_CLASS (flight_id, flight_class, seat_count, available_seats, price) VALUES (187, 'ECONOMY', 71, 71, 306.49);
INSERT INTO FLIGHT_CLASS (flight_id, flight_class, seat_count, available_seats, price) VALUES (188, 'BUSINESS', 55, 55, 279.44);
INSERT INTO FLIGHT_CLASS (flight_id, flight_class, seat_count, available_seats, price) VALUES (188, 'ECONOMY', 82, 82, 124.20);
INSERT INTO FLIGHT_CLASS (flight_id, flight_class, seat_count, available_seats, price) VALUES (189, 'BUSINESS', 71, 71, 227.67);
INSERT INTO FLIGHT_CLASS (flight_id, flight_class, seat_count, available_seats, price) VALUES (189, 'ECONOMY', 107, 107, 101.19);
INSERT INTO FLIGHT_CLASS (flight_id, flight_class, seat_count, available_seats, price) VALUES (190, 'BUSINESS', 21, 21, 746.46);
INSERT INTO FLIGHT_CLASS (flight_id, flight_class, seat_count, available_seats, price) VALUES (190, 'ECONOMY', 32, 32, 331.76);
INSERT INTO FLIGHT_CLASS (flight_id, flight_class, seat_count, available_seats, price) VALUES (191, 'BUSINESS', 70, 70, 744.09);
INSERT INTO FLIGHT_CLASS (flight_id, flight_class, seat_count, available_seats, price) VALUES (191, 'ECONOMY', 105, 105, 330.71);
INSERT INTO FLIGHT_CLASS (flight_id, flight_class, seat_count, available_seats, price) VALUES (192, 'BUSINESS', 71, 71, 283.13);
INSERT INTO FLIGHT_CLASS (flight_id, flight_class, seat_count, available_seats, price) VALUES (192, 'ECONOMY', 106, 106, 125.83);
INSERT INTO FLIGHT_CLASS (flight_id, flight_class, seat_count, available_seats, price) VALUES (193, 'BUSINESS', 41, 41, 561.50);
INSERT INTO FLIGHT_CLASS (flight_id, flight_class, seat_count, available_seats, price) VALUES (193, 'ECONOMY', 61, 61, 249.55);
INSERT INTO FLIGHT_CLASS (flight_id, flight_class, seat_count, available_seats, price) VALUES (194, 'BUSINESS', 55, 55, 741.51);
INSERT INTO FLIGHT_CLASS (flight_id, flight_class, seat_count, available_seats, price) VALUES (194, 'ECONOMY', 82, 82, 329.56);
INSERT INTO FLIGHT_CLASS (flight_id, flight_class, seat_count, available_seats, price) VALUES (195, 'BUSINESS', 46, 46, 237.72);
INSERT INTO FLIGHT_CLASS (flight_id, flight_class, seat_count, available_seats, price) VALUES (195, 'ECONOMY', 70, 70, 105.65);
INSERT INTO FLIGHT_CLASS (flight_id, flight_class, seat_count, available_seats, price) VALUES (196, 'BUSINESS', 47, 47, 574.08);
INSERT INTO FLIGHT_CLASS (flight_id, flight_class, seat_count, available_seats, price) VALUES (196, 'ECONOMY', 70, 70, 255.15);
INSERT INTO FLIGHT_CLASS (flight_id, flight_class, seat_count, available_seats, price) VALUES (197, 'BUSINESS', 39, 39, 220.91);
INSERT INTO FLIGHT_CLASS (flight_id, flight_class, seat_count, available_seats, price) VALUES (197, 'ECONOMY', 59, 59, 98.18);
INSERT INTO FLIGHT_CLASS (flight_id, flight_class, seat_count, available_seats, price) VALUES (198, 'BUSINESS', 43, 43, 742.13);
INSERT INTO FLIGHT_CLASS (flight_id, flight_class, seat_count, available_seats, price) VALUES (198, 'ECONOMY', 65, 65, 329.83);
INSERT INTO FLIGHT_CLASS (flight_id, flight_class, seat_count, available_seats, price) VALUES (199, 'BUSINESS', 42, 42, 241.16);
INSERT INTO FLIGHT_CLASS (flight_id, flight_class, seat_count, available_seats, price) VALUES (199, 'ECONOMY', 64, 64, 107.18);
INSERT INTO FLIGHT_CLASS (flight_id, flight_class, seat_count, available_seats, price) VALUES (200, 'BUSINESS', 60, 60, 306.45);
INSERT INTO FLIGHT_CLASS (flight_id, flight_class, seat_count, available_seats, price) VALUES (200, 'ECONOMY', 91, 91, 136.20);
INSERT INTO FLIGHT_CLASS (flight_id, flight_class, seat_count, available_seats, price) VALUES (201, 'BUSINESS', 69, 69, 620.67);
INSERT INTO FLIGHT_CLASS (flight_id, flight_class, seat_count, available_seats, price) VALUES (201, 'ECONOMY', 103, 103, 275.85);
INSERT INTO FLIGHT_CLASS (flight_id, flight_class, seat_count, available_seats, price) VALUES (202, 'BUSINESS', 50, 50, 546.82);
INSERT INTO FLIGHT_CLASS (flight_id, flight_class, seat_count, available_seats, price) VALUES (202, 'ECONOMY', 76, 76, 243.03);
INSERT INTO FLIGHT_CLASS (flight_id, flight_class, seat_count, available_seats, price) VALUES (203, 'BUSINESS', 57, 57, 657.57);
INSERT INTO FLIGHT_CLASS (flight_id, flight_class, seat_count, available_seats, price) VALUES (203, 'ECONOMY', 85, 85, 292.25);
INSERT INTO FLIGHT_CLASS (flight_id, flight_class, seat_count, available_seats, price) VALUES (204, 'BUSINESS', 64, 64, 579.62);
INSERT INTO FLIGHT_CLASS (flight_id, flight_class, seat_count, available_seats, price) VALUES (204, 'ECONOMY', 95, 95, 257.61);
INSERT INTO FLIGHT_CLASS (flight_id, flight_class, seat_count, available_seats, price) VALUES (205, 'BUSINESS', 41, 41, 270.30);
INSERT INTO FLIGHT_CLASS (flight_id, flight_class, seat_count, available_seats, price) VALUES (205, 'ECONOMY', 61, 61, 120.13);
INSERT INTO FLIGHT_CLASS (flight_id, flight_class, seat_count, available_seats, price) VALUES (206, 'BUSINESS', 55, 55, 554.06);
INSERT INTO FLIGHT_CLASS (flight_id, flight_class, seat_count, available_seats, price) VALUES (206, 'ECONOMY', 82, 82, 246.25);
INSERT INTO FLIGHT_CLASS (flight_id, flight_class, seat_count, available_seats, price) VALUES (207, 'BUSINESS', 59, 59, 256.25);
INSERT INTO FLIGHT_CLASS (flight_id, flight_class, seat_count, available_seats, price) VALUES (207, 'ECONOMY', 89, 89, 113.89);
INSERT INTO FLIGHT_CLASS (flight_id, flight_class, seat_count, available_seats, price) VALUES (208, 'BUSINESS', 71, 71, 185.04);
INSERT INTO FLIGHT_CLASS (flight_id, flight_class, seat_count, available_seats, price) VALUES (208, 'ECONOMY', 107, 107, 82.24);
INSERT INTO FLIGHT_CLASS (flight_id, flight_class, seat_count, available_seats, price) VALUES (209, 'BUSINESS', 68, 68, 594.96);
INSERT INTO FLIGHT_CLASS (flight_id, flight_class, seat_count, available_seats, price) VALUES (209, 'ECONOMY', 101, 101, 264.43);
INSERT INTO FLIGHT_CLASS (flight_id, flight_class, seat_count, available_seats, price) VALUES (210, 'BUSINESS', 41, 41, 561.50);
INSERT INTO FLIGHT_CLASS (flight_id, flight_class, seat_count, available_seats, price) VALUES (210, 'ECONOMY', 61, 61, 249.55);
INSERT INTO FLIGHT_CLASS (flight_id, flight_class, seat_count, available_seats, price) VALUES (211, 'BUSINESS', 28, 28, 745.65);
INSERT INTO FLIGHT_CLASS (flight_id, flight_class, seat_count, available_seats, price) VALUES (211, 'ECONOMY', 43, 43, 331.40);
INSERT INTO FLIGHT_CLASS (flight_id, flight_class, seat_count, available_seats, price) VALUES (212, 'BUSINESS', 34, 34, 220.91);
INSERT INTO FLIGHT_CLASS (flight_id, flight_class, seat_count, available_seats, price) VALUES (212, 'ECONOMY', 51, 51, 98.18);
INSERT INTO FLIGHT_CLASS (flight_id, flight_class, seat_count, available_seats, price) VALUES (213, 'BUSINESS', 46, 46, 237.69);
INSERT INTO FLIGHT_CLASS (flight_id, flight_class, seat_count, available_seats, price) VALUES (213, 'ECONOMY', 70, 70, 105.64);
INSERT INTO FLIGHT_CLASS (flight_id, flight_class, seat_count, available_seats, price) VALUES (214, 'BUSINESS', 61, 61, 256.25);
INSERT INTO FLIGHT_CLASS (flight_id, flight_class, seat_count, available_seats, price) VALUES (214, 'ECONOMY', 92, 92, 113.89);
INSERT INTO FLIGHT_CLASS (flight_id, flight_class, seat_count, available_seats, price) VALUES (215, 'BUSINESS', 42, 42, 298.22);
INSERT INTO FLIGHT_CLASS (flight_id, flight_class, seat_count, available_seats, price) VALUES (215, 'ECONOMY', 64, 64, 132.54);
INSERT INTO FLIGHT_CLASS (flight_id, flight_class, seat_count, available_seats, price) VALUES (216, 'BUSINESS', 57, 57, 675.68);
INSERT INTO FLIGHT_CLASS (flight_id, flight_class, seat_count, available_seats, price) VALUES (216, 'ECONOMY', 85, 85, 300.30);
INSERT INTO FLIGHT_CLASS (flight_id, flight_class, seat_count, available_seats, price) VALUES (217, 'BUSINESS', 47, 47, 689.60);
INSERT INTO FLIGHT_CLASS (flight_id, flight_class, seat_count, available_seats, price) VALUES (217, 'ECONOMY', 71, 71, 306.49);
INSERT INTO FLIGHT_CLASS (flight_id, flight_class, seat_count, available_seats, price) VALUES (218, 'BUSINESS', 55, 55, 279.44);
INSERT INTO FLIGHT_CLASS (flight_id, flight_class, seat_count, available_seats, price) VALUES (218, 'ECONOMY', 82, 82, 124.20);
INSERT INTO FLIGHT_CLASS (flight_id, flight_class, seat_count, available_seats, price) VALUES (219, 'BUSINESS', 71, 71, 227.67);
INSERT INTO FLIGHT_CLASS (flight_id, flight_class, seat_count, available_seats, price) VALUES (219, 'ECONOMY', 107, 107, 101.19);
INSERT INTO FLIGHT_CLASS (flight_id, flight_class, seat_count, available_seats, price) VALUES (220, 'BUSINESS', 21, 21, 746.46);
INSERT INTO FLIGHT_CLASS (flight_id, flight_class, seat_count, available_seats, price) VALUES (220, 'ECONOMY', 32, 32, 331.76);
INSERT INTO FLIGHT_CLASS (flight_id, flight_class, seat_count, available_seats, price) VALUES (221, 'BUSINESS', 70, 70, 744.09);
INSERT INTO FLIGHT_CLASS (flight_id, flight_class, seat_count, available_seats, price) VALUES (221, 'ECONOMY', 105, 105, 330.71);
INSERT INTO FLIGHT_CLASS (flight_id, flight_class, seat_count, available_seats, price) VALUES (222, 'BUSINESS', 71, 71, 283.13);
INSERT INTO FLIGHT_CLASS (flight_id, flight_class, seat_count, available_seats, price) VALUES (222, 'ECONOMY', 106, 106, 125.83);
INSERT INTO FLIGHT_CLASS (flight_id, flight_class, seat_count, available_seats, price) VALUES (223, 'BUSINESS', 41, 41, 561.50);
INSERT INTO FLIGHT_CLASS (flight_id, flight_class, seat_count, available_seats, price) VALUES (223, 'ECONOMY', 61, 61, 249.55);
INSERT INTO FLIGHT_CLASS (flight_id, flight_class, seat_count, available_seats, price) VALUES (224, 'BUSINESS', 55, 55, 741.51);
INSERT INTO FLIGHT_CLASS (flight_id, flight_class, seat_count, available_seats, price) VALUES (224, 'ECONOMY', 82, 82, 329.56);
INSERT INTO FLIGHT_CLASS (flight_id, flight_class, seat_count, available_seats, price) VALUES (225, 'BUSINESS', 46, 46, 237.72);
INSERT INTO FLIGHT_CLASS (flight_id, flight_class, seat_count, available_seats, price) VALUES (225, 'ECONOMY', 70, 70, 105.65);
INSERT INTO FLIGHT_CLASS (flight_id, flight_class, seat_count, available_seats, price) VALUES (226, 'BUSINESS', 47, 47, 574.08);
INSERT INTO FLIGHT_CLASS (flight_id, flight_class, seat_count, available_seats, price) VALUES (226, 'ECONOMY', 70, 70, 255.15);
INSERT INTO FLIGHT_CLASS (flight_id, flight_class, seat_count, available_seats, price) VALUES (227, 'BUSINESS', 39, 39, 220.91);
INSERT INTO FLIGHT_CLASS (flight_id, flight_class, seat_count, available_seats, price) VALUES (227, 'ECONOMY', 59, 59, 98.18);
INSERT INTO FLIGHT_CLASS (flight_id, flight_class, seat_count, available_seats, price) VALUES (228, 'BUSINESS', 43, 43, 742.13);
INSERT INTO FLIGHT_CLASS (flight_id, flight_class, seat_count, available_seats, price) VALUES (228, 'ECONOMY', 65, 65, 329.83);
INSERT INTO FLIGHT_CLASS (flight_id, flight_class, seat_count, available_seats, price) VALUES (229, 'BUSINESS', 42, 42, 241.16);
INSERT INTO FLIGHT_CLASS (flight_id, flight_class, seat_count, available_seats, price) VALUES (229, 'ECONOMY', 64, 64, 107.18);
INSERT INTO FLIGHT_CLASS (flight_id, flight_class, seat_count, available_seats, price) VALUES (230, 'BUSINESS', 60, 60, 306.45);
INSERT INTO FLIGHT_CLASS (flight_id, flight_class, seat_count, available_seats, price) VALUES (230, 'ECONOMY', 91, 91, 136.20);
INSERT INTO FLIGHT_CLASS (flight_id, flight_class, seat_count, available_seats, price) VALUES (231, 'BUSINESS', 69, 69, 620.67);
INSERT INTO FLIGHT_CLASS (flight_id, flight_class, seat_count, available_seats, price) VALUES (231, 'ECONOMY', 103, 103, 275.85);
INSERT INTO FLIGHT_CLASS (flight_id, flight_class, seat_count, available_seats, price) VALUES (232, 'BUSINESS', 50, 50, 546.82);
INSERT INTO FLIGHT_CLASS (flight_id, flight_class, seat_count, available_seats, price) VALUES (232, 'ECONOMY', 76, 76, 243.03);
INSERT INTO FLIGHT_CLASS (flight_id, flight_class, seat_count, available_seats, price) VALUES (233, 'BUSINESS', 57, 57, 657.57);
INSERT INTO FLIGHT_CLASS (flight_id, flight_class, seat_count, available_seats, price) VALUES (233, 'ECONOMY', 85, 85, 292.25);
INSERT INTO FLIGHT_CLASS (flight_id, flight_class, seat_count, available_seats, price) VALUES (234, 'BUSINESS', 64, 64, 579.62);
INSERT INTO FLIGHT_CLASS (flight_id, flight_class, seat_count, available_seats, price) VALUES (234, 'ECONOMY', 95, 95, 257.61);
INSERT INTO FLIGHT_CLASS (flight_id, flight_class, seat_count, available_seats, price) VALUES (235, 'BUSINESS', 60, 60, 745.61);
INSERT INTO FLIGHT_CLASS (flight_id, flight_class, seat_count, available_seats, price) VALUES (235, 'ECONOMY', 91, 91, 331.38);
INSERT INTO FLIGHT_CLASS (flight_id, flight_class, seat_count, available_seats, price) VALUES (236, 'BUSINESS', 47, 47, 574.08);
INSERT INTO FLIGHT_CLASS (flight_id, flight_class, seat_count, available_seats, price) VALUES (236, 'ECONOMY', 70, 70, 255.15);
INSERT INTO FLIGHT_CLASS (flight_id, flight_class, seat_count, available_seats, price) VALUES (237, 'BUSINESS', 55, 55, 554.06);
INSERT INTO FLIGHT_CLASS (flight_id, flight_class, seat_count, available_seats, price) VALUES (237, 'ECONOMY', 82, 82, 246.25);
INSERT INTO FLIGHT_CLASS (flight_id, flight_class, seat_count, available_seats, price) VALUES (238, 'BUSINESS', 45, 45, 333.06);
INSERT INTO FLIGHT_CLASS (flight_id, flight_class, seat_count, available_seats, price) VALUES (238, 'ECONOMY', 67, 67, 148.03);
INSERT INTO FLIGHT_CLASS (flight_id, flight_class, seat_count, available_seats, price) VALUES (239, 'BUSINESS', 51, 51, 452.64);
INSERT INTO FLIGHT_CLASS (flight_id, flight_class, seat_count, available_seats, price) VALUES (239, 'ECONOMY', 77, 77, 201.17);
INSERT INTO FLIGHT_CLASS (flight_id, flight_class, seat_count, available_seats, price) VALUES (240, 'BUSINESS', 50, 50, 274.58);
INSERT INTO FLIGHT_CLASS (flight_id, flight_class, seat_count, available_seats, price) VALUES (240, 'ECONOMY', 76, 76, 122.03);
INSERT INTO FLIGHT_CLASS (flight_id, flight_class, seat_count, available_seats, price) VALUES (241, 'BUSINESS', 42, 42, 672.44);
INSERT INTO FLIGHT_CLASS (flight_id, flight_class, seat_count, available_seats, price) VALUES (241, 'ECONOMY', 65, 65, 298.86);
INSERT INTO FLIGHT_CLASS (flight_id, flight_class, seat_count, available_seats, price) VALUES (242, 'BUSINESS', 67, 67, 185.04);
INSERT INTO FLIGHT_CLASS (flight_id, flight_class, seat_count, available_seats, price) VALUES (242, 'ECONOMY', 102, 102, 82.24);
INSERT INTO FLIGHT_CLASS (flight_id, flight_class, seat_count, available_seats, price) VALUES (243, 'BUSINESS', 65, 65, 594.96);
INSERT INTO FLIGHT_CLASS (flight_id, flight_class, seat_count, available_seats, price) VALUES (243, 'ECONOMY', 98, 98, 264.43);
INSERT INTO FLIGHT_CLASS (flight_id, flight_class, seat_count, available_seats, price) VALUES (244, 'BUSINESS', 28, 28, 745.65);
INSERT INTO FLIGHT_CLASS (flight_id, flight_class, seat_count, available_seats, price) VALUES (244, 'ECONOMY', 43, 43, 331.40);
INSERT INTO FLIGHT_CLASS (flight_id, flight_class, seat_count, available_seats, price) VALUES (245, 'BUSINESS', 34, 34, 220.91);
INSERT INTO FLIGHT_CLASS (flight_id, flight_class, seat_count, available_seats, price) VALUES (245, 'ECONOMY', 51, 51, 98.18);
INSERT INTO FLIGHT_CLASS (flight_id, flight_class, seat_count, available_seats, price) VALUES (246, 'BUSINESS', 61, 61, 256.25);
INSERT INTO FLIGHT_CLASS (flight_id, flight_class, seat_count, available_seats, price) VALUES (246, 'ECONOMY', 93, 93, 113.89);
INSERT INTO FLIGHT_CLASS (flight_id, flight_class, seat_count, available_seats, price) VALUES (247, 'BUSINESS', 42, 42, 298.22);
INSERT INTO FLIGHT_CLASS (flight_id, flight_class, seat_count, available_seats, price) VALUES (247, 'ECONOMY', 64, 64, 132.54);
INSERT INTO FLIGHT_CLASS (flight_id, flight_class, seat_count, available_seats, price) VALUES (248, 'BUSINESS', 57, 57, 675.68);
INSERT INTO FLIGHT_CLASS (flight_id, flight_class, seat_count, available_seats, price) VALUES (248, 'ECONOMY', 85, 85, 300.30);
INSERT INTO FLIGHT_CLASS (flight_id, flight_class, seat_count, available_seats, price) VALUES (249, 'BUSINESS', 54, 54, 279.44);
INSERT INTO FLIGHT_CLASS (flight_id, flight_class, seat_count, available_seats, price) VALUES (249, 'ECONOMY', 83, 83, 124.20);
INSERT INTO FLIGHT_CLASS (flight_id, flight_class, seat_count, available_seats, price) VALUES (250, 'BUSINESS', 71, 71, 227.67);
INSERT INTO FLIGHT_CLASS (flight_id, flight_class, seat_count, available_seats, price) VALUES (250, 'ECONOMY', 107, 107, 101.19);
INSERT INTO FLIGHT_CLASS (flight_id, flight_class, seat_count, available_seats, price) VALUES (251, 'BUSINESS', 21, 21, 746.46);
INSERT INTO FLIGHT_CLASS (flight_id, flight_class, seat_count, available_seats, price) VALUES (251, 'ECONOMY', 32, 32, 331.76);
INSERT INTO FLIGHT_CLASS (flight_id, flight_class, seat_count, available_seats, price) VALUES (252, 'BUSINESS', 70, 70, 744.09);
INSERT INTO FLIGHT_CLASS (flight_id, flight_class, seat_count, available_seats, price) VALUES (252, 'ECONOMY', 105, 105, 330.71);
INSERT INTO FLIGHT_CLASS (flight_id, flight_class, seat_count, available_seats, price) VALUES (253, 'BUSINESS', 71, 71, 283.13);
INSERT INTO FLIGHT_CLASS (flight_id, flight_class, seat_count, available_seats, price) VALUES (253, 'ECONOMY', 106, 106, 125.83);
INSERT INTO FLIGHT_CLASS (flight_id, flight_class, seat_count, available_seats, price) VALUES (254, 'BUSINESS', 41, 41, 561.50);
INSERT INTO FLIGHT_CLASS (flight_id, flight_class, seat_count, available_seats, price) VALUES (254, 'ECONOMY', 61, 61, 249.55);
INSERT INTO FLIGHT_CLASS (flight_id, flight_class, seat_count, available_seats, price) VALUES (255, 'BUSINESS', 55, 55, 741.51);
INSERT INTO FLIGHT_CLASS (flight_id, flight_class, seat_count, available_seats, price) VALUES (255, 'ECONOMY', 82, 82, 329.56);
INSERT INTO FLIGHT_CLASS (flight_id, flight_class, seat_count, available_seats, price) VALUES (256, 'BUSINESS', 46, 46, 237.72);
INSERT INTO FLIGHT_CLASS (flight_id, flight_class, seat_count, available_seats, price) VALUES (256, 'ECONOMY', 70, 70, 105.65);
INSERT INTO FLIGHT_CLASS (flight_id, flight_class, seat_count, available_seats, price) VALUES (257, 'BUSINESS', 39, 39, 220.91);
INSERT INTO FLIGHT_CLASS (flight_id, flight_class, seat_count, available_seats, price) VALUES (257, 'ECONOMY', 59, 59, 98.18);
INSERT INTO FLIGHT_CLASS (flight_id, flight_class, seat_count, available_seats, price) VALUES (258, 'BUSINESS', 43, 43, 742.13);
INSERT INTO FLIGHT_CLASS (flight_id, flight_class, seat_count, available_seats, price) VALUES (258, 'ECONOMY', 65, 65, 329.83);
INSERT INTO FLIGHT_CLASS (flight_id, flight_class, seat_count, available_seats, price) VALUES (259, 'BUSINESS', 42, 42, 241.16);
INSERT INTO FLIGHT_CLASS (flight_id, flight_class, seat_count, available_seats, price) VALUES (259, 'ECONOMY', 64, 64, 107.18);
INSERT INTO FLIGHT_CLASS (flight_id, flight_class, seat_count, available_seats, price) VALUES (260, 'BUSINESS', 60, 60, 306.45);
INSERT INTO FLIGHT_CLASS (flight_id, flight_class, seat_count, available_seats, price) VALUES (260, 'ECONOMY', 91, 91, 136.20);
INSERT INTO FLIGHT_CLASS (flight_id, flight_class, seat_count, available_seats, price) VALUES (261, 'BUSINESS', 69, 69, 620.67);
INSERT INTO FLIGHT_CLASS (flight_id, flight_class, seat_count, available_seats, price) VALUES (261, 'ECONOMY', 103, 103, 275.85);
INSERT INTO FLIGHT_CLASS (flight_id, flight_class, seat_count, available_seats, price) VALUES (262, 'BUSINESS', 50, 50, 546.82);
INSERT INTO FLIGHT_CLASS (flight_id, flight_class, seat_count, available_seats, price) VALUES (262, 'ECONOMY', 76, 76, 243.03);
INSERT INTO FLIGHT_CLASS (flight_id, flight_class, seat_count, available_seats, price) VALUES (263, 'BUSINESS', 57, 57, 657.57);
INSERT INTO FLIGHT_CLASS (flight_id, flight_class, seat_count, available_seats, price) VALUES (263, 'ECONOMY', 85, 85, 292.25);
INSERT INTO FLIGHT_CLASS (flight_id, flight_class, seat_count, available_seats, price) VALUES (264, 'BUSINESS', 64, 64, 579.62);
INSERT INTO FLIGHT_CLASS (flight_id, flight_class, seat_count, available_seats, price) VALUES (264, 'ECONOMY', 95, 95, 257.61);
INSERT INTO FLIGHT_CLASS (flight_id, flight_class, seat_count, available_seats, price) VALUES (265, 'BUSINESS', 41, 41, 270.30);
INSERT INTO FLIGHT_CLASS (flight_id, flight_class, seat_count, available_seats, price) VALUES (265, 'ECONOMY', 61, 61, 120.13);
INSERT INTO FLIGHT_CLASS (flight_id, flight_class, seat_count, available_seats, price) VALUES (266, 'BUSINESS', 55, 55, 554.06);
INSERT INTO FLIGHT_CLASS (flight_id, flight_class, seat_count, available_seats, price) VALUES (266, 'ECONOMY', 82, 82, 246.25);
INSERT INTO FLIGHT_CLASS (flight_id, flight_class, seat_count, available_seats, price) VALUES (267, 'BUSINESS', 59, 59, 256.25);
INSERT INTO FLIGHT_CLASS (flight_id, flight_class, seat_count, available_seats, price) VALUES (267, 'ECONOMY', 89, 89, 113.89);
INSERT INTO FLIGHT_CLASS (flight_id, flight_class, seat_count, available_seats, price) VALUES (268, 'BUSINESS', 71, 71, 185.04);
INSERT INTO FLIGHT_CLASS (flight_id, flight_class, seat_count, available_seats, price) VALUES (268, 'ECONOMY', 107, 107, 82.24);
INSERT INTO FLIGHT_CLASS (flight_id, flight_class, seat_count, available_seats, price) VALUES (269, 'BUSINESS', 68, 68, 594.96);
INSERT INTO FLIGHT_CLASS (flight_id, flight_class, seat_count, available_seats, price) VALUES (269, 'ECONOMY', 101, 101, 264.43);
INSERT INTO FLIGHT_CLASS (flight_id, flight_class, seat_count, available_seats, price) VALUES (270, 'BUSINESS', 41, 41, 561.50);
INSERT INTO FLIGHT_CLASS (flight_id, flight_class, seat_count, available_seats, price) VALUES (270, 'ECONOMY', 61, 61, 249.55);
INSERT INTO FLIGHT_CLASS (flight_id, flight_class, seat_count, available_seats, price) VALUES (271, 'BUSINESS', 28, 28, 745.65);
INSERT INTO FLIGHT_CLASS (flight_id, flight_class, seat_count, available_seats, price) VALUES (271, 'ECONOMY', 43, 43, 331.40);
INSERT INTO FLIGHT_CLASS (flight_id, flight_class, seat_count, available_seats, price) VALUES (272, 'BUSINESS', 34, 34, 220.91);
INSERT INTO FLIGHT_CLASS (flight_id, flight_class, seat_count, available_seats, price) VALUES (272, 'ECONOMY', 51, 51, 98.18);
INSERT INTO FLIGHT_CLASS (flight_id, flight_class, seat_count, available_seats, price) VALUES (273, 'BUSINESS', 46, 46, 237.69);
INSERT INTO FLIGHT_CLASS (flight_id, flight_class, seat_count, available_seats, price) VALUES (273, 'ECONOMY', 70, 70, 105.64);
INSERT INTO FLIGHT_CLASS (flight_id, flight_class, seat_count, available_seats, price) VALUES (274, 'BUSINESS', 61, 61, 256.25);
INSERT INTO FLIGHT_CLASS (flight_id, flight_class, seat_count, available_seats, price) VALUES (274, 'ECONOMY', 93, 93, 113.89);
INSERT INTO FLIGHT_CLASS (flight_id, flight_class, seat_count, available_seats, price) VALUES (275, 'BUSINESS', 42, 42, 298.22);
INSERT INTO FLIGHT_CLASS (flight_id, flight_class, seat_count, available_seats, price) VALUES (275, 'ECONOMY', 64, 64, 132.54);
INSERT INTO FLIGHT_CLASS (flight_id, flight_class, seat_count, available_seats, price) VALUES (276, 'BUSINESS', 57, 57, 675.68);
INSERT INTO FLIGHT_CLASS (flight_id, flight_class, seat_count, available_seats, price) VALUES (276, 'ECONOMY', 85, 85, 300.30);
INSERT INTO FLIGHT_CLASS (flight_id, flight_class, seat_count, available_seats, price) VALUES (277, 'BUSINESS', 47, 47, 689.60);
INSERT INTO FLIGHT_CLASS (flight_id, flight_class, seat_count, available_seats, price) VALUES (277, 'ECONOMY', 71, 71, 306.49);
INSERT INTO FLIGHT_CLASS (flight_id, flight_class, seat_count, available_seats, price) VALUES (278, 'BUSINESS', 55, 55, 279.44);
INSERT INTO FLIGHT_CLASS (flight_id, flight_class, seat_count, available_seats, price) VALUES (278, 'ECONOMY', 82, 82, 124.20);
INSERT INTO FLIGHT_CLASS (flight_id, flight_class, seat_count, available_seats, price) VALUES (279, 'BUSINESS', 71, 71, 227.67);
INSERT INTO FLIGHT_CLASS (flight_id, flight_class, seat_count, available_seats, price) VALUES (279, 'ECONOMY', 107, 107, 101.19);
INSERT INTO FLIGHT_CLASS (flight_id, flight_class, seat_count, available_seats, price) VALUES (280, 'BUSINESS', 21, 21, 746.46);
INSERT INTO FLIGHT_CLASS (flight_id, flight_class, seat_count, available_seats, price) VALUES (280, 'ECONOMY', 32, 32, 331.76);
INSERT INTO FLIGHT_CLASS (flight_id, flight_class, seat_count, available_seats, price) VALUES (281, 'BUSINESS', 70, 70, 744.09);
INSERT INTO FLIGHT_CLASS (flight_id, flight_class, seat_count, available_seats, price) VALUES (281, 'ECONOMY', 105, 105, 330.71);
INSERT INTO FLIGHT_CLASS (flight_id, flight_class, seat_count, available_seats, price) VALUES (282, 'BUSINESS', 71, 71, 283.13);
INSERT INTO FLIGHT_CLASS (flight_id, flight_class, seat_count, available_seats, price) VALUES (282, 'ECONOMY', 106, 106, 125.83);
INSERT INTO FLIGHT_CLASS (flight_id, flight_class, seat_count, available_seats, price) VALUES (283, 'BUSINESS', 41, 41, 561.50);
INSERT INTO FLIGHT_CLASS (flight_id, flight_class, seat_count, available_seats, price) VALUES (283, 'ECONOMY', 61, 61, 249.55);
INSERT INTO FLIGHT_CLASS (flight_id, flight_class, seat_count, available_seats, price) VALUES (284, 'BUSINESS', 55, 55, 741.51);
INSERT INTO FLIGHT_CLASS (flight_id, flight_class, seat_count, available_seats, price) VALUES (284, 'ECONOMY', 82, 82, 329.56);
INSERT INTO FLIGHT_CLASS (flight_id, flight_class, seat_count, available_seats, price) VALUES (285, 'BUSINESS', 46, 46, 237.72);
INSERT INTO FLIGHT_CLASS (flight_id, flight_class, seat_count, available_seats, price) VALUES (285, 'ECONOMY', 70, 70, 105.65);
INSERT INTO FLIGHT_CLASS (flight_id, flight_class, seat_count, available_seats, price) VALUES (286, 'BUSINESS', 47, 47, 574.08);
INSERT INTO FLIGHT_CLASS (flight_id, flight_class, seat_count, available_seats, price) VALUES (286, 'ECONOMY', 70, 70, 255.15);
INSERT INTO FLIGHT_CLASS (flight_id, flight_class, seat_count, available_seats, price) VALUES (287, 'BUSINESS', 39, 39, 220.91);
INSERT INTO FLIGHT_CLASS (flight_id, flight_class, seat_count, available_seats, price) VALUES (287, 'ECONOMY', 59, 59, 98.18);
INSERT INTO FLIGHT_CLASS (flight_id, flight_class, seat_count, available_seats, price) VALUES (288, 'BUSINESS', 43, 43, 742.13);
INSERT INTO FLIGHT_CLASS (flight_id, flight_class, seat_count, available_seats, price) VALUES (288, 'ECONOMY', 65, 65, 329.83);
INSERT INTO FLIGHT_CLASS (flight_id, flight_class, seat_count, available_seats, price) VALUES (289, 'BUSINESS', 42, 42, 241.16);
INSERT INTO FLIGHT_CLASS (flight_id, flight_class, seat_count, available_seats, price) VALUES (289, 'ECONOMY', 64, 64, 107.18);
INSERT INTO FLIGHT_CLASS (flight_id, flight_class, seat_count, available_seats, price) VALUES (290, 'BUSINESS', 60, 60, 306.45);
INSERT INTO FLIGHT_CLASS (flight_id, flight_class, seat_count, available_seats, price) VALUES (290, 'ECONOMY', 91, 91, 136.20);
INSERT INTO FLIGHT_CLASS (flight_id, flight_class, seat_count, available_seats, price) VALUES (291, 'BUSINESS', 69, 69, 620.67);
INSERT INTO FLIGHT_CLASS (flight_id, flight_class, seat_count, available_seats, price) VALUES (291, 'ECONOMY', 103, 103, 275.85);
INSERT INTO FLIGHT_CLASS (flight_id, flight_class, seat_count, available_seats, price) VALUES (292, 'BUSINESS', 50, 50, 546.82);
INSERT INTO FLIGHT_CLASS (flight_id, flight_class, seat_count, available_seats, price) VALUES (292, 'ECONOMY', 76, 76, 243.03);
INSERT INTO FLIGHT_CLASS (flight_id, flight_class, seat_count, available_seats, price) VALUES (293, 'BUSINESS', 57, 57, 657.57);
INSERT INTO FLIGHT_CLASS (flight_id, flight_class, seat_count, available_seats, price) VALUES (293, 'ECONOMY', 85, 85, 292.25);
INSERT INTO FLIGHT_CLASS (flight_id, flight_class, seat_count, available_seats, price) VALUES (294, 'BUSINESS', 64, 64, 579.62);
INSERT INTO FLIGHT_CLASS (flight_id, flight_class, seat_count, available_seats, price) VALUES (294, 'ECONOMY', 95, 95, 257.61);
INSERT INTO FLIGHT_CLASS (flight_id, flight_class, seat_count, available_seats, price) VALUES (295, 'BUSINESS', 41, 41, 270.30);
INSERT INTO FLIGHT_CLASS (flight_id, flight_class, seat_count, available_seats, price) VALUES (295, 'ECONOMY', 61, 61, 120.13);
INSERT INTO FLIGHT_CLASS (flight_id, flight_class, seat_count, available_seats, price) VALUES (296, 'BUSINESS', 55, 55, 554.06);
INSERT INTO FLIGHT_CLASS (flight_id, flight_class, seat_count, available_seats, price) VALUES (296, 'ECONOMY', 82, 82, 246.25);
INSERT INTO FLIGHT_CLASS (flight_id, flight_class, seat_count, available_seats, price) VALUES (297, 'BUSINESS', 59, 59, 256.25);
INSERT INTO FLIGHT_CLASS (flight_id, flight_class, seat_count, available_seats, price) VALUES (297, 'ECONOMY', 89, 89, 113.89);
INSERT INTO FLIGHT_CLASS (flight_id, flight_class, seat_count, available_seats, price) VALUES (298, 'BUSINESS', 71, 71, 185.04);
INSERT INTO FLIGHT_CLASS (flight_id, flight_class, seat_count, available_seats, price) VALUES (298, 'ECONOMY', 107, 107, 82.24);
INSERT INTO FLIGHT_CLASS (flight_id, flight_class, seat_count, available_seats, price) VALUES (299, 'BUSINESS', 68, 68, 594.96);
INSERT INTO FLIGHT_CLASS (flight_id, flight_class, seat_count, available_seats, price) VALUES (299, 'ECONOMY', 101, 101, 264.43);
INSERT INTO FLIGHT_CLASS (flight_id, flight_class, seat_count, available_seats, price) VALUES (300, 'BUSINESS', 41, 41, 561.50);
INSERT INTO FLIGHT_CLASS (flight_id, flight_class, seat_count, available_seats, price) VALUES (300, 'ECONOMY', 61, 61, 249.55);